Player,Span,Mat,Inns,Overs,Mdns,Runs,Wkts,BBI,Ave,Econ,SR,4,5,Team,Start Date,End Date
YS Chahal,2014-2021,113,112.0,404.0,4.0,3063.0,139.0,4/25,22.03,7.58,17.4,2.0,0.0,RCB,2013-01-01,2025-03-01
HV Patel,2014-2023,68,66.0,229.4,2.0,1954.0,90.0,5/27,21.71,8.5,15.3,2.0,1.0,RCB,2013-01-01,2025-03-01
Mohammed Siraj,2018-2024,87,87.0,303.2,4.0,2610.0,83.0,4/21,31.44,8.6,21.9,1.0,0.0,RCB,2013-01-01,2025-03-01
PW Hasaranga,2021-2023,26,26.0,92.0,1.0,748.0,35.0,5/18,21.37,8.13,15.7,1.0,1.0,RCB,2013-01-01,2025-03-01
MA Starc,2014-2015,27,26.0,96.4,1.0,693.0,34.0,4/15,20.38,7.16,17.0,1.0,0.0,RCB,2013-01-01,2025-03-01
UT Yadav,2018-2020,27,27.0,98.0,1.0,872.0,28.0,3/23,31.14,8.89,21.0,0.0,0.0,RCB,2013-01-01,2025-03-01
SR Watson,2016-2017,24,24.0,83.2,0.0,730.0,25.0,4/29,29.2,8.76,20.0,1.0,0.0,RCB,2013-01-01,2025-03-01
S Aravind,2015-2017,24,24.0,77.4,0.0,623.0,24.0,4/27,25.95,8.02,19.4,1.0,0.0,RCB,2013-01-01,2025-03-01
JR Hazlewood,2022-2023,15,15.0,55.3,1.0,453.0,23.0,4/25,19.69,8.16,14.4,1.0,0.0,RCB,2013-01-01,2025-03-01
R Vinay Kumar,2013-2013,16,16.0,60.1,0.0,493.0,23.0,3/18,21.43,8.19,15.6,0.0,0.0,RCB,2013-01-01,2025-03-01
VR Aaron,2014-2016,24,23.0,77.4,1.0,703.0,21.0,3/16,33.47,9.05,22.1,0.0,0.0,RCB,2013-01-01,2025-03-01
P Negi,2017-2019,21,18.0,47.2,0.0,348.0,20.0,3/10,17.4,7.35,14.2,0.0,0.0,RCB,2013-01-01,2025-03-01
Washington Sundar,2018-2021,31,31.0,95.0,1.0,682.0,19.0,3/24,35.89,7.17,30.0,0.0,0.0,RCB,2013-01-01,2025-03-01
GJ Maxwell,2021-2024,52,29.0,66.2,1.0,523.0,18.0,2/22,29.05,7.88,22.1,0.0,0.0,RCB,2013-01-01,2025-03-01
NA Saini,2019-2021,28,28.0,97.4,1.0,828.0,17.0,2/24,48.7,8.47,34.4,0.0,0.0,RCB,2013-01-01,2025-03-01
KV Sharma,2023-2024,16,16.0,45.3,0.0,477.0,17.0,2/19,28.05,10.48,16.0,0.0,0.0,RCB,2013-01-01,2025-03-01
D Wiese,2015-2016,15,14.0,46.2,0.0,402.0,16.0,4/33,25.12,8.67,17.3,1.0,0.0,RCB,2013-01-01,2025-03-01
Yash Dayal,2024-2024,14,14.0,50.1,0.0,459.0,15.0,3/20,30.6,9.14,20.0,0.0,0.0,RCB,2013-01-01,2025-03-01
R Rampaul,2013-2014,12,12.0,43.4,4.0,298.0,14.0,3/31,21.28,6.82,18.7,0.0,0.0,RCB,2013-01-01,2025-03-01
Shahbaz Ahmed,2020-2023,39,27.0,62.0,0.0,567.0,14.0,3/7,40.5,9.14,26.5,0.0,0.0,RCB,2013-01-01,2025-03-01
RP Singh,2013-2013,11,11.0,39.5,0.0,335.0,13.0,3/13,25.76,8.41,18.3,0.0,0.0,RCB,2013-01-01,2025-03-01
JD Unadkat,2013-2013,13,13.0,49.0,0.0,370.0,13.0,5/25,28.46,7.55,22.6,0.0,1.0,RCB,2013-01-01,2025-03-01
V Vyshak,2023-2024,11,11.0,38.3,0.0,395.0,13.0,3/20,30.38,10.25,17.7,0.0,0.0,RCB,2013-01-01,2025-03-01
Iqbal Abdulla,2015-2017,15,15.0,49.0,1.0,418.0,12.0,3/40,34.83,8.53,24.5,0.0,0.0,RCB,2013-01-01,2025-03-01
CJ Jordan,2016-2016,9,9.0,28.0,0.0,258.0,11.0,4/11,23.45,9.21,15.2,1.0,0.0,RCB,2013-01-01,2025-03-01
CH Morris,2020-2020,9,9.0,31.4,1.0,210.0,11.0,4/26,19.09,6.63,17.2,1.0,0.0,RCB,2013-01-01,2025-03-01
MM Ali,2018-2020,19,17.0,43.1,0.0,308.0,10.0,2/18,30.8,7.13,25.9,0.0,0.0,RCB,2013-01-01,2025-03-01
C Green,2024-2024,13,13.0,35.1,0.0,303.0,10.0,2/12,30.3,8.61,21.1,0.0,0.0,RCB,2013-01-01,2025-03-01
S Badree,2017-2017,7,7.0,25.0,1.0,188.0,9.0,4/9,20.88,7.52,16.6,1.0,0.0,RCB,2013-01-01,2025-03-01
LH Ferguson,2024-2024,7,7.0,24.0,0.0,255.0,9.0,2/23,28.33,10.62,16.0,0.0,0.0,RCB,2013-01-01,2025-03-01
KA Jamieson,2021-2021,9,9.0,28.0,0.0,269.0,9.0,3/41,29.88,9.6,18.6,0.0,0.0,RCB,2013-01-01,2025-03-01
M Kartik,2013-2013,11,11.0,39.0,0.0,284.0,9.0,2/24,31.55,7.28,26.0,0.0,0.0,RCB,2013-01-01,2025-03-01
WD Parnell,2023-2023,7,7.0,25.1,0.0,236.0,9.0,3/10,26.22,9.37,16.7,0.0,0.0,RCB,2013-01-01,2025-03-01
KW Richardson,2016-2021,5,5.0,17.0,0.0,165.0,8.0,3/13,20.62,9.7,12.7,0.0,0.0,RCB,2013-01-01,2025-03-01
I Udana,2020-2020,10,10.0,29.0,0.0,282.0,8.0,2/41,35.25,9.72,21.7,0.0,0.0,RCB,2013-01-01,2025-03-01
CR Woakes,2018-2018,5,5.0,18.2,0.0,190.0,8.0,3/36,23.75,10.36,13.7,0.0,0.0,RCB,2013-01-01,2025-03-01
Akash Deep,2022-2024,8,8.0,27.2,1.0,319.0,7.0,3/45,45.57,11.67,23.4,0.0,0.0,RCB,2013-01-01,2025-03-01
MC Henriques,2013-2013,10,8.0,21.1,0.0,185.0,7.0,2/14,26.42,8.74,18.1,0.0,0.0,RCB,2013-01-01,2025-03-01
MG Bracewell,2023-2023,5,5.0,11.0,0.0,95.0,6.0,2/13,15.83,8.63,11.0,0.0,0.0,RCB,2013-01-01,2025-03-01
M Muralidaran,2013-2014,11,11.0,39.0,0.0,301.0,6.0,2/25,50.16,7.71,39.0,0.0,0.0,RCB,2013-01-01,2025-03-01
TG Southee,2018-2019,11,11.0,38.0,0.0,379.0,6.0,3/30,63.16,9.97,38.0,0.0,0.0,RCB,2013-01-01,2025-03-01
Swapnil Singh,2024-2024,7,7.0,15.0,0.0,133.0,6.0,2/28,22.16,8.86,15.0,0.0,0.0,RCB,2013-01-01,2025-03-01
STR Binny,2016-2017,22,15.0,23.0,0.0,184.0,5.0,1/9,36.8,8.0,27.6,0.0,0.0,RCB,2013-01-01,2025-03-01
A Choudhary,2017-2017,5,5.0,16.5,2.0,144.0,5.0,2/17,28.8,8.55,20.2,0.0,0.0,RCB,2013-01-01,2025-03-01
AB Dinda,2014-2015,11,11.0,36.0,0.0,332.0,5.0,1/14,66.4,9.22,43.2,0.0,0.0,RCB,2013-01-01,2025-03-01
CH Gayle,2013-2017,58,9.0,16.0,0.0,118.0,5.0,2/5,23.6,7.37,19.2,0.0,0.0,RCB,2013-01-01,2025-03-01
Z Khan,2013-2013,2,2.0,6.0,0.0,47.0,5.0,4/17,9.4,7.83,7.2,1.0,0.0,RCB,2013-01-01,2025-03-01
TS Mills,2017-2017,5,5.0,17.5,0.0,153.0,5.0,2/31,30.6,8.57,21.4,0.0,0.0,RCB,2013-01-01,2025-03-01
DW Steyn,2019-2020,5,5.0,19.4,0.0,202.0,5.0,2/29,40.4,10.27,23.6,0.0,0.0,RCB,2013-01-01,2025-03-01
RJW Topley,2023-2024,5,5.0,17.0,0.0,182.0,5.0,2/27,36.4,10.7,20.4,0.0,0.0,RCB,2013-01-01,2025-03-01
Arshdeep Singh,2019-2024,65,65.0,227.2,1.0,2052.0,76.0,5/32,27.0,9.02,17.9,2.0,1.0,PBKS,2013-01-01,2025-03-01
Sandeep Sharma,2013-2022,61,61.0,224.1,8.0,1740.0,73.0,4/20,23.83,7.76,18.4,2.0,0.0,PBKS,2013-01-01,2025-03-01
AR Patel,2014-2018,73,72.0,254.3,2.0,1888.0,69.0,4/21,27.36,7.41,22.1,1.0,0.0,PBKS,2013-01-01,2025-03-01
Mohammed Shami,2019-2021,42,42.0,160.2,1.0,1324.0,58.0,3/15,22.82,8.25,16.5,0.0,0.0,PBKS,2013-01-01,2025-03-01
K Rabada,2022-2024,30,30.0,113.0,0.0,1010.0,41.0,4/33,24.63,8.93,16.5,2.0,0.0,PBKS,2013-01-01,2025-03-01
SM Curran,2019-2024,36,36.0,121.5,0.0,1228.0,36.0,4/11,34.11,10.07,20.3,1.0,0.0,PBKS,2013-01-01,2025-03-01
MM Sharma,2016-2018,37,37.0,123.5,0.0,1139.0,33.0,3/23,34.51,9.19,22.5,0.0,0.0,PBKS,2013-01-01,2025-03-01
RD Chahar,2022-2024,36,36.0,127.2,1.0,1024.0,32.0,3/23,32.0,8.04,23.8,0.0,0.0,PBKS,2013-01-01,2025-03-01
P Awana,2013-2014,26,26.0,96.3,2.0,819.0,31.0,4/30,26.41,8.48,18.6,1.0,0.0,PBKS,2013-01-01,2025-03-01
MG Johnson,2014-2016,26,26.0,100.2,1.0,886.0,28.0,2/19,31.64,8.83,21.5,0.0,0.0,PBKS,2013-01-01,2025-03-01
AJ Tye,2018-2019,20,20.0,78.0,0.0,681.0,27.0,4/16,25.22,8.73,17.3,3.0,0.0,PBKS,2013-01-01,2025-03-01
R Ashwin,2018-2019,28,28.0,105.4,0.0,810.0,25.0,3/23,32.4,7.66,25.3,0.0,0.0,PBKS,2013-01-01,2025-03-01
Harpreet Brar,2019-2024,41,39.0,113.1,1.0,895.0,25.0,4/30,35.8,7.9,27.1,1.0,0.0,PBKS,2013-01-01,2025-03-01
HV Patel,2024-2024,14,14.0,49.0,0.0,477.0,24.0,3/15,19.87,9.73,12.2,0.0,0.0,PBKS,2013-01-01,2025-03-01
Ravi Bishnoi,2020-2021,23,23.0,87.0,1.0,606.0,24.0,3/24,25.25,6.96,21.7,0.0,0.0,PBKS,2013-01-01,2025-03-01
R Dhawan,2014-2024,33,31.0,95.2,0.0,782.0,23.0,2/14,34.0,8.2,24.8,0.0,0.0,PBKS,2013-01-01,2025-03-01
Anureet Singh,2014-2017,22,22.0,76.1,0.0,672.0,20.0,3/12,33.6,8.82,22.8,0.0,0.0,PBKS,2013-01-01,2025-03-01
NT Ellis,2021-2024,16,16.0,59.0,0.0,508.0,18.0,4/30,28.22,8.61,19.6,1.0,0.0,PBKS,2013-01-01,2025-03-01
Karanveer Singh,2014-2015,14,14.0,49.2,0.0,438.0,18.0,4/15,24.33,8.87,16.4,2.0,0.0,PBKS,2013-01-01,2025-03-01
Mujeeb Ur Rahman,2018-2020,18,18.0,68.2,0.0,563.0,17.0,3/27,33.11,8.23,24.1,0.0,0.0,PBKS,2013-01-01,2025-03-01
M Ashwin,2019-2021,22,22.0,76.3,0.0,587.0,16.0,3/21,36.68,7.67,28.6,0.0,0.0,PBKS,2013-01-01,2025-03-01
Azhar Mahmood,2013-2013,11,11.0,43.5,0.0,330.0,15.0,3/21,22.0,7.52,17.5,0.0,0.0,PBKS,2013-01-01,2025-03-01
GJ Maxwell,2014-2020,70,40.0,77.0,0.0,656.0,14.0,2/15,46.85,8.51,33.0,0.0,0.0,PBKS,2013-01-01,2025-03-01
AS Rajpoot,2018-2019,12,12.0,42.1,1.0,375.0,14.0,5/14,26.78,8.89,18.0,0.0,1.0,PBKS,2013-01-01,2025-03-01
CJ Jordan,2020-2021,13,13.0,43.3,0.0,400.0,13.0,3/17,30.76,9.19,20.0,0.0,0.0,PBKS,2013-01-01,2025-03-01
MP Stoinis,2016-2018,19,18.0,44.3,0.0,424.0,13.0,4/15,32.61,9.52,20.5,1.0,0.0,PBKS,2013-01-01,2025-03-01
L Balaji,2014-2014,9,9.0,34.0,0.0,299.0,12.0,4/13,24.91,8.79,17.0,1.0,0.0,PBKS,2013-01-01,2025-03-01
P Kumar,2013-2013,15,15.0,56.2,3.0,373.0,12.0,2/10,31.08,6.62,28.1,0.0,0.0,PBKS,2013-01-01,2025-03-01
PP Chawla,2013-2013,16,16.0,58.2,0.0,418.0,11.0,2/20,38.0,7.16,31.8,0.0,0.0,PBKS,2013-01-01,2025-03-01
LS Livingstone,2022-2024,30,21.0,42.0,0.0,380.0,11.0,3/27,34.54,9.04,22.9,0.0,0.0,PBKS,2013-01-01,2025-03-01
BE Hendricks,2014-2015,7,7.0,25.0,0.0,235.0,9.0,3/36,26.11,9.4,16.6,0.0,0.0,PBKS,2013-01-01,2025-03-01
NLTC Perera,2014-2015,7,7.0,20.0,0.0,166.0,8.0,2/15,20.75,8.3,15.0,0.0,0.0,PBKS,2013-01-01,2025-03-01
VR Aaron,2017-2017,6,6.0,20.0,0.0,163.0,7.0,2/3,23.28,8.15,17.1,0.0,0.0,PBKS,2013-01-01,2025-03-01
KC Cariappa,2016-2017,9,9.0,32.0,0.0,286.0,7.0,2/16,40.85,8.93,27.4,0.0,0.0,PBKS,2013-01-01,2025-03-01
MS Gony,2013-2013,8,8.0,28.0,0.0,256.0,7.0,2/24,36.57,9.14,24.0,0.0,0.0,PBKS,2013-01-01,2025-03-01
GC Viljoen,2019-2019,6,6.0,23.0,0.0,222.0,7.0,2/39,31.71,9.65,19.7,0.0,0.0,PBKS,2013-01-01,2025-03-01
SS Cottrell,2020-2020,6,6.0,20.0,1.0,176.0,6.0,2/17,29.33,8.8,20.0,0.0,0.0,PBKS,2013-01-01,2025-03-01
OF Smith,2022-2022,6,6.0,15.0,0.0,178.0,6.0,4/30,29.66,11.86,15.0,1.0,0.0,PBKS,2013-01-01,2025-03-01
Gurkeerat Singh,2013-2017,25,6.0,13.0,0.0,97.0,5.0,2/15,19.4,7.46,15.6,0.0,0.0,PBKS,2013-01-01,2025-03-01
Harmeet Singh,2013-2013,3,3.0,11.2,0.0,87.0,5.0,3/24,17.4,7.67,13.6,0.0,0.0,PBKS,2013-01-01,2025-03-01
MC Henriques,2021-2021,5,5.0,10.0,0.0,45.0,4.0,3/12,11.25,4.5,15.0,0.0,0.0,PBKS,2013-01-01,2025-03-01
RP Meredith,2021-2021,5,5.0,17.0,0.0,169.0,4.0,1/29,42.25,9.94,25.5,0.0,0.0,PBKS,2013-01-01,2025-03-01
Shivam Sharma,2014-2015,5,5.0,19.0,0.0,165.0,4.0,2/26,41.25,8.68,28.5,0.0,0.0,PBKS,2013-01-01,2025-03-01
BB Sran,2018-2018,6,6.0,22.0,0.0,229.0,4.0,2/50,57.25,10.4,33.0,0.0,0.0,PBKS,2013-01-01,2025-03-01
VG Arora,2022-2022,5,5.0,17.5,0.0,164.0,3.0,2/21,54.66,9.19,35.6,0.0,0.0,PBKS,2013-01-01,2025-03-01
JA Richardson,2021-2021,3,3.0,11.0,0.0,117.0,3.0,2/41,39.0,10.63,22.0,0.0,0.0,PBKS,2013-01-01,2025-03-01
P Sahu,2016-2016,5,5.0,17.3,0.0,146.0,3.0,2/18,48.66,8.34,35.0,0.0,0.0,PBKS,2013-01-01,2025-03-01
Sikandar Raza,2023-2024,9,7.0,14.0,0.0,141.0,3.0,1/19,47.0,10.07,28.0,0.0,0.0,PBKS,2013-01-01,2025-03-01
R Tewatia,2017-2017,3,3.0,9.0,0.0,49.0,3.0,2/18,16.33,5.44,18.0,0.0,0.0,PBKS,2013-01-01,2025-03-01
KJ Abbott,2016-2016,5,5.0,16.0,0.0,177.0,2.0,1/38,88.5,11.06,48.0,0.0,0.0,PBKS,2013-01-01,2025-03-01
JJ Bumrah,2013-2024,136,136.0,519.3,8.0,3799.0,168.0,5/10,22.61,7.31,18.5,2.0,2.0,MI,2013-01-01,2025-03-01
SL Malinga,2013-2019,69,69.0,265.1,3.0,2074.0,88.0,4/23,23.56,7.82,18.0,4.0,0.0,MI,2013-01-01,2025-03-01
Harbhajan Singh,2013-2017,81,81.0,303.0,3.0,2128.0,81.0,4/32,26.27,7.02,22.4,1.0,0.0,MI,2013-01-01,2025-03-01
MJ McClenaghan,2015-2019,56,56.0,212.2,1.0,1803.0,71.0,4/21,25.39,8.49,17.9,1.0,0.0,MI,2013-01-01,2025-03-01
HH Pandya,2015-2024,106,72.0,180.5,0.0,1700.0,53.0,3/20,32.07,9.4,20.4,0.0,0.0,MI,2013-01-01,2025-03-01
KH Pandya,2016-2021,84,81.0,240.4,0.0,1773.0,51.0,3/14,34.76,7.36,28.3,0.0,0.0,MI,2013-01-01,2025-03-01
RD Chahar,2019-2021,39,39.0,143.0,0.0,1059.0,41.0,4/27,25.82,7.4,20.9,1.0,0.0,MI,2013-01-01,2025-03-01
TA Boult,2020-2021,29,29.0,108.4,4.0,863.0,38.0,4/18,22.71,7.94,17.1,1.0,0.0,MI,2013-01-01,2025-03-01
PP Chawla,2021-2024,28,28.0,100.0,0.0,845.0,36.0,3/22,23.47,8.45,16.6,0.0,0.0,MI,2013-01-01,2025-03-01
KA Pollard,2013-2022,153,72.0,141.3,0.0,1331.0,35.0,3/31,38.02,9.4,24.2,0.0,0.0,MI,2013-01-01,2025-03-01
MG Johnson,2013-2017,25,25.0,95.0,1.0,702.0,33.0,3/26,21.27,7.38,17.2,0.0,0.0,MI,2013-01-01,2025-03-01
PP Ojha,2013-2015,37,36.0,124.4,1.0,958.0,30.0,3/11,31.93,7.68,24.9,0.0,0.0,MI,2013-01-01,2025-03-01
JP Behrendorff,2019-2023,17,17.0,61.0,0.0,552.0,19.0,3/23,29.05,9.04,19.2,0.0,0.0,MI,2013-01-01,2025-03-01
NM Coulter-Nile,2013-2021,18,18.0,68.4,0.0,481.0,19.0,4/14,25.31,7.0,21.6,1.0,0.0,MI,2013-01-01,2025-03-01
A Madhwal,2023-2024,13,13.0,43.4,0.0,424.0,19.0,5/5,22.31,9.7,13.7,1.0,1.0,MI,2013-01-01,2025-03-01
M Markande,2018-2022,19,19.0,57.0,0.0,484.0,17.0,4/23,28.47,8.49,20.1,1.0,0.0,MI,2013-01-01,2025-03-01
RP Meredith,2022-2023,13,13.0,47.4,0.0,443.0,15.0,2/24,29.53,9.29,19.0,0.0,0.0,MI,2013-01-01,2025-03-01
G Coetzee,2024-2024,10,10.0,33.3,0.0,341.0,13.0,4/34,26.23,10.17,15.4,1.0,0.0,MI,2013-01-01,2025-03-01
DR Sams,2022-2022,11,11.0,42.0,0.0,370.0,13.0,4/30,28.46,8.8,19.3,1.0,0.0,MI,2013-01-01,2025-03-01
KV Sharma,2017-2017,9,9.0,30.4,0.0,214.0,13.0,4/16,16.46,6.97,14.1,1.0,0.0,MI,2013-01-01,2025-03-01
TG Southee,2016-2017,14,14.0,53.0,1.0,425.0,12.0,3/24,35.41,8.01,26.5,0.0,0.0,MI,2013-01-01,2025-03-01
R Vinay Kumar,2015-2017,17,17.0,55.3,1.0,463.0,12.0,2/17,38.58,8.34,27.7,0.0,0.0,MI,2013-01-01,2025-03-01
JL Pattinson,2020-2020,10,10.0,35.3,0.0,320.0,11.0,2/19,29.09,9.01,19.3,0.0,0.0,MI,2013-01-01,2025-03-01
S Gopal,2014-2024,11,10.0,28.1,0.0,250.0,10.0,2/25,25.0,8.87,16.9,0.0,0.0,MI,2013-01-01,2025-03-01
K Kartikeya,2022-2023,12,12.0,39.0,0.0,329.0,10.0,2/22,32.9,8.43,23.4,0.0,0.0,MI,2013-01-01,2025-03-01
J Suchith,2015-2016,14,13.0,41.0,0.0,368.0,10.0,2/14,36.8,8.97,24.6,0.0,0.0,MI,2013-01-01,2025-03-01
M Ashwin,2022-2022,8,8.0,29.0,0.0,228.0,9.0,2/14,25.33,7.86,19.3,0.0,0.0,MI,2013-01-01,2025-03-01
DS Kulkarni,2013-2021,8,8.0,25.4,0.0,221.0,8.0,3/19,27.62,8.61,19.2,0.0,0.0,MI,2013-01-01,2025-03-01
N Thushara,2024-2024,7,7.0,26.0,0.0,257.0,8.0,3/28,32.12,9.88,19.5,0.0,0.0,MI,2013-01-01,2025-03-01
Mustafizur Rahman,2018-2018,7,7.0,27.3,0.0,230.0,7.0,3/24,32.85,8.36,23.5,0.0,0.0,MI,2013-01-01,2025-03-01
C Green,2023-2023,16,16.0,38.0,0.0,361.0,6.0,2/41,60.16,9.5,38.0,0.0,0.0,MI,2013-01-01,2025-03-01
AS Joseph,2019-2019,3,3.0,8.4,1.0,87.0,6.0,6/12,14.5,10.03,8.6,0.0,1.0,MI,2013-01-01,2025-03-01
TS Mills,2022-2022,5,5.0,17.0,0.0,190.0,6.0,3/35,31.66,11.17,17.0,0.0,0.0,MI,2013-01-01,2025-03-01
Ramandeep Singh,2022-2022,5,3.0,6.0,0.0,54.0,6.0,3/20,9.0,9.0,6.0,0.0,0.0,MI,2013-01-01,2025-03-01
JD Unadkat,2022-2022,5,5.0,20.0,0.0,190.0,6.0,2/32,31.66,9.5,20.0,0.0,0.0,MI,2013-01-01,2025-03-01
CJ Anderson,2014-2015,16,11.0,22.0,0.0,217.0,5.0,2/18,43.4,9.86,26.4,0.0,0.0,MI,2013-01-01,2025-03-01
Arshad Khan,2023-2023,6,6.0,14.1,0.0,190.0,5.0,3/39,38.0,13.41,17.0,0.0,0.0,MI,2013-01-01,2025-03-01
Basil Thampi,2022-2022,5,5.0,16.0,1.0,152.0,5.0,3/35,30.4,9.5,19.2,0.0,0.0,MI,2013-01-01,2025-03-01
R Dhawan,2013-2013,11,10.0,33.0,2.0,241.0,5.0,1/6,48.2,7.3,39.6,0.0,0.0,MI,2013-01-01,2025-03-01
Z Khan,2014-2014,6,6.0,22.2,0.0,146.0,5.0,2/21,29.2,6.53,26.8,0.0,0.0,MI,2013-01-01,2025-03-01
JDS Neesham,2021-2021,3,3.0,9.0,0.0,66.0,5.0,3/12,13.2,7.33,10.8,0.0,0.0,MI,2013-01-01,2025-03-01
HR Shokeen,2022-2023,13,13.0,34.0,0.0,314.0,5.0,2/34,62.8,9.23,40.8,0.0,0.0,MI,2013-01-01,2025-03-01
J Yadav,2019-2021,9,9.0,31.0,0.0,223.0,4.0,1/25,55.75,7.19,46.5,0.0,0.0,MI,2013-01-01,2025-03-01
AN Ahmed,2013-2013,2,2.0,7.0,0.0,45.0,3.0,2/27,15.0,6.42,14.0,0.0,0.0,MI,2013-01-01,2025-03-01
BCJ Cutting,2018-2019,12,8.0,19.0,0.0,195.0,3.0,1/12,65.0,10.26,38.0,0.0,0.0,MI,2013-01-01,2025-03-01
CJ Jordan,2023-2023,6,6.0,22.0,1.0,237.0,3.0,1/7,79.0,10.77,44.0,0.0,0.0,MI,2013-01-01,2025-03-01
P Kumar,2014-2014,4,4.0,15.0,0.0,93.0,3.0,2/31,31.0,6.2,30.0,0.0,0.0,MI,2013-01-01,2025-03-01
AF Milne,2021-2021,4,4.0,14.0,0.0,131.0,3.0,2/21,43.66,9.35,28.0,0.0,0.0,MI,2013-01-01,2025-03-01
MM Patel,2013-2013,4,4.0,15.0,0.0,137.0,3.0,3/29,45.66,9.13,30.0,0.0,0.0,MI,2013-01-01,2025-03-01
K Santokie,2014-2014,2,2.0,8.0,0.0,90.0,3.0,2/50,30.0,11.25,16.0,0.0,0.0,MI,2013-01-01,2025-03-01
Ravi Bishnoi,2022-2024,43,42.0,148.1,0.0,1230.0,39.0,3/28,31.53,8.3,22.7,0.0,0.0,LSG,2013-01-01,2025-03-01
Mohsin Khan,2022-2024,24,23.0,81.0,2.0,689.0,27.0,4/16,25.51,8.5,18.0,1.0,0.0,LSG,2013-01-01,2025-03-01
Avesh Khan,2022-2023,22,22.0,76.4,1.0,699.0,26.0,4/24,26.88,9.11,17.6,1.0,0.0,LSG,2013-01-01,2025-03-01
Naveen-ul-Haq,2023-2024,18,17.0,64.3,0.0,591.0,25.0,4/38,23.64,9.16,15.4,1.0,0.0,LSG,2013-01-01,2025-03-01
KH Pandya,2022-2024,43,36.0,113.0,1.0,833.0,25.0,3/11,33.32,7.37,27.1,0.0,0.0,LSG,2013-01-01,2025-03-01
Yash Thakur,2023-2024,19,19.0,67.2,1.0,691.0,24.0,5/30,28.79,10.26,16.8,1.0,1.0,LSG,2013-01-01,2025-03-01
JO Holder,2022-2022,12,12.0,41.3,0.0,391.0,14.0,3/31,27.92,9.42,17.7,0.0,0.0,LSG,2013-01-01,2025-03-01
MP Stoinis,2022-2024,40,17.0,31.5,0.0,305.0,13.0,3/23,23.46,9.58,14.6,0.0,0.0,LSG,2013-01-01,2025-03-01
MA Wood,2023-2023,4,4.0,16.0,1.0,130.0,11.0,5/14,11.81,8.12,8.7,0.0,1.0,LSG,2013-01-01,2025-03-01
PVD Chameera,2022-2022,12,12.0,44.0,0.0,384.0,9.0,2/17,42.66,8.72,29.3,0.0,0.0,LSG,2013-01-01,2025-03-01
K Gowtham,2022-2024,12,11.0,30.0,1.0,246.0,8.0,2/30,30.75,8.2,22.5,0.0,0.0,LSG,2013-01-01,2025-03-01
A Mishra,2023-2024,8,8.0,21.0,0.0,169.0,8.0,2/21,21.12,8.04,15.7,0.0,0.0,LSG,2013-01-01,2025-03-01
MP Yadav,2024-2024,4,4.0,12.1,0.0,85.0,7.0,3/14,12.14,6.98,10.4,0.0,0.0,LSG,2013-01-01,2025-03-01
Yudhvir Singh,2023-2024,5,5.0,12.0,0.0,122.0,4.0,2/19,30.5,10.16,18.0,0.0,0.0,LSG,2013-01-01,2025-03-01
A Badoni,2022-2024,42,5.0,4.1,0.0,36.0,2.0,1/5,18.0,8.64,12.5,0.0,0.0,LSG,2013-01-01,2025-03-01
AJ Tye,2022-2022,3,3.0,11.0,0.0,107.0,2.0,2/40,53.5,9.72,33.0,0.0,0.0,LSG,2013-01-01,2025-03-01
Arshad Khan,2024-2024,4,4.0,10.1,0.0,114.0,1.0,1/45,114.0,11.21,61.0,0.0,0.0,LSG,2013-01-01,2025-03-01
MJ Henry,2024-2024,4,4.0,12.0,0.0,110.0,1.0,1/28,110.0,9.16,72.0,0.0,0.0,LSG,2013-01-01,2025-03-01
DJ Hooda,2022-2024,38,5.0,8.0,0.0,73.0,1.0,1/31,73.0,9.12,48.0,0.0,0.0,LSG,2013-01-01,2025-03-01
M Siddharth,2024-2024,3,3.0,9.0,0.0,71.0,1.0,1/21,71.0,7.88,54.0,0.0,0.0,LSG,2013-01-01,2025-03-01
S Joseph,2024-2024,1,1.0,4.0,0.0,47.0,0.0,,,11.75,,0.0,0.0,LSG,2013-01-01,2025-03-01
KR Mayers,2023-2023,13,6.0,7.0,0.0,59.0,0.0,,,8.42,,0.0,0.0,LSG,2013-01-01,2025-03-01
Swapnil Singh,2023-2023,2,2.0,2.0,0.0,18.0,0.0,,,9.0,,0.0,0.0,LSG,2013-01-01,2025-03-01
JD Unadkat,2023-2023,3,3.0,8.0,0.0,92.0,0.0,,,11.5,,0.0,0.0,LSG,2013-01-01,2025-03-01
Q de Kock,2022-2024,30,,,,,,,,,,,,LSG,2013-01-01,2025-03-01
AA Kulkarni,2024-2024,2,,,,,,,,,,,,LSG,2013-01-01,2025-03-01
E Lewis,2022-2022,6,,,,,,,,,,,,LSG,2013-01-01,2025-03-01
PN Mankad,2023-2023,5,,,,,,,,,,,,LSG,2013-01-01,2025-03-01
D Padikkal,2024-2024,7,,,,,,,,,,,,LSG,2013-01-01,2025-03-01
MK Pandey,2022-2022,6,,,,,,,,,,,,LSG,2013-01-01,2025-03-01
N Pooran,2023-2024,29,,,,,,,,,,,,LSG,2013-01-01,2025-03-01
KL Rahul,2022-2024,38,,,,,,,,,,,,LSG,2013-01-01,2025-03-01
KS Sharma,2022-2023,3,,,,,,,,,,,,LSG,2013-01-01,2025-03-01
R Shepherd,2023-2023,1,,,,,,,,,,,,LSG,2013-01-01,2025-03-01
AJ Turner,2024-2024,2,,,,,,,,,,,,LSG,2013-01-01,2025-03-01
M Vohra,2022-2023,3,,,,,,,,,,,,LSG,2013-01-01,2025-03-01
Rashid Khan,2022-2024,45,45.0,174.3,0.0,1340.0,56.0,4/24,23.92,7.67,18.6,2.0,0.0,GT,2013-01-01,2025-03-01
Mohammed Shami,2022-2023,33,33.0,126.0,2.0,1010.0,48.0,4/11,21.04,8.01,15.7,2.0,0.0,GT,2013-01-01,2025-03-01
MM Sharma,2023-2024,26,25.0,83.1,0.0,786.0,40.0,5/10,19.65,9.45,12.4,2.0,1.0,GT,2013-01-01,2025-03-01
Noor Ahmad,2023-2024,23,23.0,82.0,0.0,659.0,24.0,3/37,27.45,8.03,20.5,0.0,0.0,GT,2013-01-01,2025-03-01
AS Joseph,2022-2023,16,16.0,54.0,0.0,489.0,14.0,2/27,34.92,9.05,23.1,0.0,0.0,GT,2013-01-01,2025-03-01
R Sai Kishore,2022-2024,10,10.0,31.0,0.0,258.0,13.0,4/33,19.84,8.32,14.3,1.0,0.0,GT,2013-01-01,2025-03-01
Yash Dayal,2022-2023,14,14.0,46.0,0.0,461.0,13.0,3/40,35.46,10.02,21.2,0.0,0.0,GT,2013-01-01,2025-03-01
LH Ferguson,2022-2022,13,13.0,47.4,0.0,427.0,12.0,4/28,35.58,8.95,23.8,1.0,0.0,GT,2013-01-01,2025-03-01
JB Little,2023-2024,11,11.0,38.0,0.0,339.0,11.0,4/45,30.81,8.92,20.7,1.0,0.0,GT,2013-01-01,2025-03-01
HH Pandya,2022-2023,31,21.0,55.3,0.0,450.0,11.0,3/17,40.9,8.1,30.2,0.0,0.0,GT,2013-01-01,2025-03-01
UT Yadav,2024-2024,7,7.0,21.0,0.0,210.0,8.0,2/22,26.25,10.0,15.7,0.0,0.0,GT,2013-01-01,2025-03-01
DG Nalkande,2022-2024,6,6.0,14.0,0.0,148.0,6.0,2/21,24.66,10.57,14.0,0.0,0.0,GT,2013-01-01,2025-03-01
S Sandeep Warrier,2024-2024,5,5.0,11.0,0.0,119.0,6.0,3/15,19.83,10.81,11.0,0.0,0.0,GT,2013-01-01,2025-03-01
Azmatullah Omarzai,2024-2024,7,7.0,21.0,0.0,186.0,4.0,2/27,46.5,8.85,31.5,0.0,0.0,GT,2013-01-01,2025-03-01
SH Johnson,2024-2024,5,5.0,16.0,0.0,151.0,4.0,2/25,37.75,9.43,24.0,0.0,0.0,GT,2013-01-01,2025-03-01
PJ Sangwan,2022-2022,3,3.0,9.0,0.0,65.0,3.0,2/19,21.66,7.22,18.0,0.0,0.0,GT,2013-01-01,2025-03-01
VR Aaron,2022-2022,2,2.0,5.0,0.0,52.0,2.0,2/45,26.0,10.4,15.0,0.0,0.0,GT,2013-01-01,2025-03-01
Kartik Tyagi,2024-2024,1,1.0,4.0,0.0,51.0,0.0,,,12.75,,0.0,0.0,GT,2013-01-01,2025-03-01
M Shahrukh Khan,2024-2024,7,2.0,2.0,0.0,15.0,0.0,,,7.5,,0.0,0.0,GT,2013-01-01,2025-03-01
V Shankar,2022-2024,25,2.0,1.3,0.0,15.0,0.0,,,10.0,,0.0,0.0,GT,2013-01-01,2025-03-01
MJ Suthar,2024-2024,1,1.0,2.0,0.0,26.0,0.0,,,13.0,,0.0,0.0,GT,2013-01-01,2025-03-01
R Tewatia,2022-2024,45,7.0,8.1,0.0,91.0,0.0,,,11.14,,0.0,0.0,GT,2013-01-01,2025-03-01
J Yadav,2023-2023,1,1.0,4.0,0.0,26.0,0.0,,,6.5,,0.0,0.0,GT,2013-01-01,2025-03-01
A Manohar,2022-2024,19,,,,,,,,,,,,GT,2013-01-01,2025-03-01
DA Miller,2022-2024,41,,,,,,,,,,,,GT,2013-01-01,2025-03-01
WP Saha,2022-2024,37,,,,,,,,,,,,GT,2013-01-01,2025-03-01
B Sai Sudharsan,2022-2024,25,,,,,,,,,,,,GT,2013-01-01,2025-03-01
MD Shanaka,2023-2023,3,,,,,,,,,,,,GT,2013-01-01,2025-03-01
BR Sharath,2024-2024,1,,,,,,,,,,,,GT,2013-01-01,2025-03-01
Shubman Gill,2022-2024,45,,,,,,,,,,,,GT,2013-01-01,2025-03-01
MS Wade,2022-2024,12,,,,,,,,,,,,GT,2013-01-01,2025-03-01
KS Williamson,2023-2024,3,,,,,,,,,,,,GT,2013-01-01,2025-03-01
K Rabada,2017-2021,50,50.0,190.0,2.0,1560.0,76.0,4/21,20.52,8.21,15.0,4.0,0.0,DC,2013-01-01,2025-03-01
A Mishra,2015-2021,68,68.0,226.0,2.0,1712.0,64.0,4/11,26.75,7.57,21.1,2.0,0.0,DC,2013-01-01,2025-03-01
AR Patel,2019-2024,82,81.0,282.0,0.0,1993.0,62.0,3/21,32.14,7.06,27.2,0.0,0.0,DC,2013-01-01,2025-03-01
A Nortje,2020-2024,46,46.0,175.4,1.0,1574.0,60.0,3/33,26.23,8.96,17.5,0.0,0.0,DC,2013-01-01,2025-03-01
Kuldeep Yadav,2022-2024,39,39.0,141.4,1.0,1152.0,47.0,4/14,24.51,8.13,18.0,3.0,0.0,DC,2013-01-01,2025-03-01
KK Ahmed,2022-2024,33,33.0,122.1,4.0,1095.0,42.0,3/25,26.07,8.96,17.4,0.0,0.0,DC,2013-01-01,2025-03-01
CH Morris,2016-2019,34,34.0,122.0,0.0,997.0,41.0,4/26,24.31,8.17,17.8,1.0,0.0,DC,2013-01-01,2025-03-01
I Sharma,2019-2024,34,34.0,113.0,3.0,943.0,34.0,3/34,27.73,8.34,19.9,0.0,0.0,DC,2013-01-01,2025-03-01
Imran Tahir,2014-2016,20,20.0,72.2,0.0,623.0,29.0,4/28,21.48,8.61,14.9,1.0,0.0,DC,2013-01-01,2025-03-01
Avesh Khan,2018-2021,24,24.0,87.0,0.0,726.0,28.0,3/13,25.92,8.34,18.6,0.0,0.0,DC,2013-01-01,2025-03-01
S Nadeem,2013-2018,44,42.0,136.5,2.0,1020.0,28.0,2/13,36.42,7.45,29.3,0.0,0.0,DC,2013-01-01,2025-03-01
Z Khan,2015-2017,30,30.0,108.0,2.0,806.0,27.0,3/20,29.85,7.46,24.0,0.0,0.0,DC,2013-01-01,2025-03-01
Mukesh Kumar,2023-2024,20,20.0,66.3,0.0,694.0,24.0,3/14,28.91,10.43,16.6,0.0,0.0,DC,2013-01-01,2025-03-01
TA Boult,2018-2019,19,19.0,71.4,1.0,629.0,23.0,2/20,27.34,8.77,18.6,0.0,0.0,DC,2013-01-01,2025-03-01
R Ashwin,2020-2021,28,28.0,95.4,0.0,722.0,20.0,3/29,36.1,7.54,28.7,0.0,0.0,DC,2013-01-01,2025-03-01
NM Coulter-Nile,2014-2016,17,16.0,61.3,1.0,462.0,20.0,4/20,23.1,7.51,18.4,1.0,0.0,DC,2013-01-01,2025-03-01
Mohammed Shami,2014-2018,32,32.0,109.0,0.0,1000.0,20.0,2/34,50.0,9.17,32.7,0.0,0.0,DC,2013-01-01,2025-03-01
MR Marsh,2022-2024,21,15.0,40.1,1.0,375.0,17.0,4/27,22.05,9.33,14.1,1.0,0.0,DC,2013-01-01,2025-03-01
UT Yadav,2013-2013,16,16.0,57.5,0.0,508.0,16.0,4/24,31.75,8.78,21.6,1.0,0.0,DC,2013-01-01,2025-03-01
PJ Cummins,2017-2017,12,12.0,46.1,0.0,373.0,15.0,2/20,24.86,8.07,18.4,0.0,0.0,DC,2013-01-01,2025-03-01
MP Stoinis,2020-2021,27,21.0,40.5,0.0,400.0,15.0,3/26,26.66,9.79,16.3,0.0,0.0,DC,2013-01-01,2025-03-01
SN Thakur,2022-2022,14,14.0,48.2,1.0,473.0,15.0,4/36,31.53,9.78,19.3,1.0,0.0,DC,2013-01-01,2025-03-01
JP Duminy,2014-2016,38,25.0,57.0,0.0,421.0,13.0,4/17,32.38,7.38,26.3,1.0,0.0,DC,2013-01-01,2025-03-01
S Lamichhane,2018-2019,9,9.0,35.0,0.0,292.0,13.0,3/36,22.46,8.34,16.1,0.0,0.0,DC,2013-01-01,2025-03-01
HV Patel,2018-2020,12,12.0,40.3,0.0,378.0,12.0,3/28,31.5,9.33,20.2,0.0,0.0,DC,2013-01-01,2025-03-01
A Nehra,2013-2013,10,10.0,36.0,0.0,316.0,11.0,2/35,28.72,8.77,19.6,0.0,0.0,DC,2013-01-01,2025-03-01
IK Pathan,2013-2013,15,15.0,51.2,3.0,382.0,10.0,2/29,38.2,7.44,30.8,0.0,0.0,DC,2013-01-01,2025-03-01
Lalit Yadav,2021-2024,27,19.0,48.0,0.0,425.0,10.0,2/11,42.5,8.85,28.8,0.0,0.0,DC,2013-01-01,2025-03-01
Mustafizur Rahman,2022-2023,10,10.0,39.0,0.0,323.0,9.0,3/18,35.88,8.28,26.0,0.0,0.0,DC,2013-01-01,2025-03-01
KMA Paul,2019-2019,8,8.0,27.1,0.0,237.0,9.0,3/17,26.33,8.72,18.1,0.0,0.0,DC,2013-01-01,2025-03-01
Rasikh Salam,2024-2024,8,8.0,24.3,0.0,269.0,9.0,3/34,29.88,10.97,16.3,0.0,0.0,DC,2013-01-01,2025-03-01
JD Unadkat,2014-2015,10,10.0,34.1,0.0,300.0,9.0,3/32,33.33,8.78,22.7,0.0,0.0,DC,2013-01-01,2025-03-01
CR Brathwaite,2016-2017,10,10.0,29.1,0.0,256.0,8.0,3/47,32.0,8.77,21.8,0.0,0.0,DC,2013-01-01,2025-03-01
R Tewatia,2018-2019,13,11.0,28.2,0.0,215.0,8.0,3/18,26.87,7.58,21.2,0.0,0.0,DC,2013-01-01,2025-03-01
AD Mathews,2015-2017,14,12.0,35.0,0.0,302.0,7.0,2/15,43.14,8.62,30.0,0.0,0.0,DC,2013-01-01,2025-03-01
M Morkel,2013-2013,10,10.0,40.0,0.0,335.0,7.0,2/27,47.85,8.37,34.2,0.0,0.0,DC,2013-01-01,2025-03-01
S Kaul,2013-2014,11,11.0,34.5,2.0,296.0,6.0,2/27,49.33,8.49,34.8,0.0,0.0,DC,2013-01-01,2025-03-01
WD Parnell,2014-2014,8,8.0,30.1,0.0,223.0,6.0,2/21,37.16,7.39,30.1,0.0,0.0,DC,2013-01-01,2025-03-01
C Sakariya,2022-2023,5,5.0,19.0,0.0,173.0,6.0,2/23,28.83,9.1,19.0,0.0,0.0,DC,2013-01-01,2025-03-01
J Botha,2013-2013,6,6.0,16.4,0.0,109.0,5.0,2/11,21.8,6.54,20.0,0.0,0.0,DC,2013-01-01,2025-03-01
GJ Maxwell,2018-2018,12,10.0,16.0,0.0,132.0,5.0,2/22,26.4,8.25,19.2,0.0,0.0,DC,2013-01-01,2025-03-01
CR Woakes,2021-2021,3,3.0,11.0,0.0,82.0,5.0,2/18,16.4,7.45,13.2,0.0,0.0,DC,2013-01-01,2025-03-01
DT Christian,2018-2018,4,4.0,11.5,0.0,101.0,4.0,2/35,25.25,8.53,17.7,0.0,0.0,DC,2013-01-01,2025-03-01
TK Curran,2021-2021,3,3.0,11.2,0.0,104.0,4.0,3/29,26.0,9.17,17.0,0.0,0.0,DC,2013-01-01,2025-03-01
DJ Muthuswami,2015-2015,6,6.0,14.0,0.0,101.0,4.0,2/18,25.25,7.21,21.0,0.0,0.0,DC,2013-01-01,2025-03-01
LE Plunkett,2018-2018,7,7.0,25.0,0.0,225.0,4.0,3/17,56.25,9.0,37.5,0.0,0.0,DC,2013-01-01,2025-03-01
J Yadav,2015-2017,10,10.0,30.0,0.0,196.0,4.0,1/8,49.0,6.53,45.0,0.0,0.0,DC,2013-01-01,2025-03-01
CJ Anderson,2017-2017,11,8.0,18.5,0.0,186.0,3.0,1/23,62.0,9.87,37.6,0.0,0.0,DC,2013-01-01,2025-03-01
TU Deshpande,2020-2020,5,5.0,17.0,0.0,192.0,3.0,2/37,64.0,11.29,34.0,0.0,0.0,DC,2013-01-01,2025-03-01
JA Morkel,2015-2015,4,4.0,12.0,0.0,109.0,3.0,2/21,36.33,9.08,24.0,0.0,0.0,DC,2013-01-01,2025-03-01
DJ Bravo,2013-2022,101,99.0,326.4,2.0,2758.0,128.0,4/42,21.54,8.44,15.3,1.0,0.0,CSK,2013-01-01,2025-03-01
RA Jadeja,2013-2024,163,155.0,484.5,2.0,3713.0,127.0,4/11,29.23,7.65,22.9,3.0,0.0,CSK,2013-01-01,2025-03-01
DL Chahar,2018-2024,76,76.0,266.1,6.0,2106.0,76.0,4/13,27.71,7.91,21.0,2.0,0.0,CSK,2013-01-01,2025-03-01
MM Sharma,2013-2019,58,57.0,195.3,0.0,1556.0,69.0,4/14,22.55,7.95,17.0,2.0,0.0,CSK,2013-01-01,2025-03-01
SN Thakur,2018-2024,57,56.0,200.3,2.0,1823.0,60.0,3/28,30.38,9.09,20.0,0.0,0.0,CSK,2013-01-01,2025-03-01
R Ashwin,2013-2015,58,57.0,191.5,3.0,1319.0,50.0,3/20,26.38,6.87,23.0,0.0,0.0,CSK,2013-01-01,2025-03-01
A Nehra,2014-2015,25,25.0,96.0,0.0,744.0,40.0,4/10,18.6,7.75,14.4,2.0,0.0,CSK,2013-01-01,2025-03-01
TU Deshpande,2022-2024,31,31.0,111.5,0.0,1051.0,39.0,4/27,26.94,9.39,17.2,1.0,0.0,CSK,2013-01-01,2025-03-01
Imran Tahir,2018-2021,27,27.0,100.0,1.0,711.0,35.0,4/12,20.31,7.11,17.1,2.0,0.0,CSK,2013-01-01,2025-03-01
M Pathirana,2022-2024,20,20.0,75.1,0.0,592.0,34.0,4/28,17.41,7.87,13.2,1.0,0.0,CSK,2013-01-01,2025-03-01
MM Ali,2021-2024,48,35.0,83.1,0.0,585.0,25.0,4/26,23.4,7.03,19.9,1.0,0.0,CSK,2013-01-01,2025-03-01
L Ngidi,2018-2021,14,14.0,54.0,2.0,448.0,25.0,4/10,17.92,8.29,12.9,1.0,0.0,CSK,2013-01-01,2025-03-01
M Theekshana,2022-2024,27,27.0,104.0,1.0,797.0,25.0,4/33,31.88,7.66,24.9,1.0,0.0,CSK,2013-01-01,2025-03-01
Harbhajan Singh,2018-2019,24,23.0,75.5,1.0,582.0,23.0,3/20,25.3,7.67,19.7,0.0,0.0,CSK,2013-01-01,2025-03-01
SM Curran,2020-2021,23,22.0,75.0,0.0,672.0,22.0,3/19,30.54,8.96,20.4,0.0,0.0,CSK,2013-01-01,2025-03-01
CH Morris,2013-2013,17,17.0,54.0,0.0,426.0,17.0,3/40,25.05,7.88,19.0,0.0,0.0,CSK,2013-01-01,2025-03-01
IC Pandey,2014-2015,25,23.0,77.0,4.0,572.0,17.0,2/23,33.64,7.42,27.1,0.0,0.0,CSK,2013-01-01,2025-03-01
Mukesh Choudhary,2022-2024,14,14.0,46.3,0.0,451.0,16.0,4/46,28.18,9.69,17.4,1.0,0.0,CSK,2013-01-01,2025-03-01
MJ Santner,2019-2024,18,18.0,61.0,0.0,422.0,15.0,2/13,28.13,6.91,24.4,0.0,0.0,CSK,2013-01-01,2025-03-01
Mustafizur Rahman,2024-2024,9,9.0,34.2,1.0,318.0,14.0,4/29,22.71,9.26,14.7,1.0,0.0,CSK,2013-01-01,2025-03-01
P Negi,2014-2015,14,14.0,45.0,0.0,377.0,13.0,5/22,29.0,8.37,20.7,0.0,1.0,CSK,2013-01-01,2025-03-01
JR Hazlewood,2020-2021,12,12.0,45.0,0.0,357.0,12.0,3/24,29.75,7.93,22.5,0.0,0.0,CSK,2013-01-01,2025-03-01
KV Sharma,2018-2020,12,11.0,31.2,0.0,287.0,10.0,2/13,28.7,9.15,18.8,0.0,0.0,CSK,2013-01-01,2025-03-01
SK Raina,2013-2021,105,21.0,44.0,0.0,308.0,9.0,2/10,34.22,7.0,29.3,0.0,0.0,CSK,2013-01-01,2025-03-01
Simarjeet Singh,2022-2024,10,10.0,30.0,0.0,259.0,9.0,3/26,28.77,8.63,20.0,0.0,0.0,CSK,2013-01-01,2025-03-01
BW Hilfenhaus,2014-2014,8,8.0,28.0,0.0,246.0,8.0,2/32,30.75,8.78,21.0,0.0,0.0,CSK,2013-01-01,2025-03-01
JA Morkel,2013-2013,12,11.0,31.0,0.0,219.0,8.0,3/32,27.37,7.06,23.2,0.0,0.0,CSK,2013-01-01,2025-03-01
PP Chawla,2020-2020,7,7.0,21.0,0.0,191.0,6.0,2/33,31.83,9.09,21.0,0.0,0.0,CSK,2013-01-01,2025-03-01
JO Holder,2013-2013,11,11.0,36.0,0.0,310.0,6.0,2/20,51.66,8.61,36.0,0.0,0.0,CSK,2013-01-01,2025-03-01
D Pretorius,2022-2023,7,7.0,25.0,0.0,238.0,6.0,2/30,39.66,9.52,25.0,0.0,0.0,CSK,2013-01-01,2025-03-01
SR Watson,2018-2020,43,11.0,28.0,0.0,251.0,6.0,2/29,41.83,8.96,28.0,0.0,0.0,CSK,2013-01-01,2025-03-01
Akash Singh,2023-2023,6,6.0,19.0,0.0,188.0,5.0,2/40,37.6,9.89,22.8,0.0,0.0,CSK,2013-01-01,2025-03-01
DR Smith,2014-2015,37,6.0,12.0,0.0,112.0,5.0,1/11,22.4,9.33,14.4,0.0,0.0,CSK,2013-01-01,2025-03-01
KM Asif,2018-2021,3,3.0,8.1,0.0,93.0,4.0,2/43,23.25,11.38,12.2,0.0,0.0,CSK,2013-01-01,2025-03-01
DP Nannes,2013-2013,5,5.0,19.5,0.0,158.0,4.0,2/17,39.5,7.96,29.7,0.0,0.0,CSK,2013-01-01,2025-03-01
RS Hangargekar,2023-2023,2,2.0,6.0,0.0,60.0,3.0,3/36,20.0,10.0,12.0,0.0,0.0,CSK,2013-01-01,2025-03-01
S Badree,2014-2014,4,4.0,14.0,0.0,97.0,2.0,1/19,48.5,6.92,42.0,0.0,0.0,CSK,2013-01-01,2025-03-01
DJ Hussey,2014-2014,5,1.0,2.5,0.0,38.0,2.0,2/38,19.0,13.41,8.5,0.0,0.0,CSK,2013-01-01,2025-03-01
CJ Jordan,2022-2022,4,4.0,12.5,0.0,135.0,2.0,2/23,67.5,10.51,38.5,0.0,0.0,CSK,2013-01-01,2025-03-01
SC Kuggeleijn,2019-2019,2,2.0,8.0,0.0,71.0,2.0,2/37,35.5,8.87,24.0,0.0,0.0,CSK,2013-01-01,2025-03-01
PH Solanki,2022-2022,2,2.0,6.0,0.0,38.0,2.0,2/20,19.0,6.33,18.0,0.0,0.0,CSK,2013-01-01,2025-03-01
DJ Willey,2018-2018,3,3.0,10.0,0.0,95.0,2.0,1/24,47.5,9.5,30.0,0.0,0.0,CSK,2013-01-01,2025-03-01
S Dube,2022-2024,41,3.0,3.0,0.0,50.0,1.0,1/14,50.0,16.66,18.0,0.0,0.0,CSK,2013-01-01,2025-03-01
RJ Gleeson,2024-2024,2,2.0,7.5,0.0,71.0,1.0,1/30,71.0,9.06,47.0,0.0,0.0,CSK,2013-01-01,2025-03-01
JW Hastings,2014-2014,2,2.0,5.0,0.0,45.0,1.0,1/29,45.0,9.0,30.0,0.0,0.0,CSK,2013-01-01,2025-03-01
B Laughlin,2013-2013,2,2.0,7.0,0.0,71.0,1.0,1/25,71.0,10.14,42.0,0.0,0.0,CSK,2013-01-01,2025-03-01
SSB Magala,2023-2023,2,2.0,6.0,0.0,51.0,1.0,1/37,51.0,8.5,36.0,0.0,0.0,CSK,2013-01-01,2025-03-01
DJ Mitchell,2024-2024,13,2.0,6.0,0.0,70.0,1.0,1/18,70.0,11.66,36.0,0.0,0.0,CSK,2013-01-01,2025-03-01
RG More,2015-2015,2,2.0,5.5,0.0,59.0,1.0,1/31,59.0,10.11,35.0,0.0,0.0,CSK,2013-01-01,2025-03-01
AS Rajpoot,2013-2013,2,2.0,4.0,0.0,35.0,1.0,1/25,35.0,8.75,24.0,0.0,0.0,CSK,2013-01-01,2025-03-01
YS Chahal,2022-2024,46,46.0,178.5,0.0,1505.0,66.0,5/40,22.8,8.41,16.2,4.0,1.0,RR,2013-01-01,2025-03-01
JP Faulkner,2013-2015,48,48.0,175.1,3.0,1451.0,53.0,5/16,27.37,8.28,19.8,0.0,2.0,RR,2013-01-01,2025-03-01
JC Archer,2018-2020,35,35.0,137.3,2.0,981.0,46.0,3/15,21.32,7.13,17.9,0.0,0.0,RR,2013-01-01,2025-03-01
TA Boult,2022-2024,42,41.0,153.2,6.0,1247.0,45.0,3/22,27.71,8.13,20.4,0.0,0.0,RR,2013-01-01,2025-03-01
S Gopal,2018-2021,42,41.0,136.0,1.0,1094.0,41.0,4/16,26.68,8.04,19.9,1.0,0.0,RR,2013-01-01,2025-03-01
R Ashwin,2022-2024,45,44.0,171.0,0.0,1338.0,35.0,3/17,38.22,7.82,29.3,0.0,0.0,RR,2013-01-01,2025-03-01
PV Tambe,2013-2015,31,31.0,113.0,0.0,788.0,35.0,4/15,22.51,6.97,19.3,2.0,0.0,RR,2013-01-01,2025-03-01
SR Watson,2013-2015,45,38.0,111.4,2.0,896.0,32.0,3/13,28.0,8.02,20.9,0.0,0.0,RR,2013-01-01,2025-03-01
KK Cooper,2013-2014,25,25.0,95.0,0.0,785.0,29.0,4/18,27.06,8.26,19.6,1.0,0.0,RR,2013-01-01,2025-03-01
DS Kulkarni,2014-2019,37,37.0,116.5,3.0,1021.0,29.0,2/9,35.2,8.73,24.1,0.0,0.0,RR,2013-01-01,2025-03-01
JD Unadkat,2018-2021,39,39.0,132.4,0.0,1280.0,29.0,3/15,44.13,9.64,27.4,0.0,0.0,RR,2013-01-01,2025-03-01
CH Morris,2015-2021,22,22.0,83.0,0.0,687.0,28.0,4/23,24.53,8.27,17.7,2.0,0.0,RR,2013-01-01,2025-03-01
Sandeep Sharma,2023-2024,23,22.0,84.0,0.0,707.0,23.0,5/18,30.73,8.41,21.9,0.0,1.0,RR,2013-01-01,2025-03-01
R Tewatia,2014-2021,32,31.0,95.0,0.0,756.0,21.0,3/25,36.0,7.95,27.1,0.0,0.0,RR,2013-01-01,2025-03-01
Avesh Khan,2024-2024,16,15.0,54.5,0.0,526.0,19.0,3/27,27.68,9.59,17.3,0.0,0.0,RR,2013-01-01,2025-03-01
M Prasidh Krishna,2022-2022,17,17.0,66.3,3.0,551.0,19.0,3/22,29.0,8.28,21.0,0.0,0.0,RR,2013-01-01,2025-03-01
BA Stokes,2018-2021,31,25.0,69.5,1.0,658.0,16.0,3/15,41.12,9.42,26.1,0.0,0.0,RR,2013-01-01,2025-03-01
STR Binny,2013-2019,64,43.0,68.0,0.0,498.0,15.0,2/14,33.2,7.32,27.2,0.0,0.0,RR,2013-01-01,2025-03-01
Mustafizur Rahman,2021-2021,14,14.0,51.5,0.0,436.0,14.0,3/20,31.14,8.41,22.2,0.0,0.0,RR,2013-01-01,2025-03-01
C Sakariya,2021-2021,14,14.0,52.0,1.0,426.0,14.0,3/31,30.42,8.19,22.2,0.0,0.0,RR,2013-01-01,2025-03-01
KR Sen,2022-2024,12,12.0,40.1,0.0,387.0,14.0,4/20,27.64,9.63,17.2,1.0,0.0,RR,2013-01-01,2025-03-01
Kartik Tyagi,2020-2021,14,14.0,52.1,0.0,491.0,13.0,2/29,37.76,9.41,24.0,0.0,0.0,RR,2013-01-01,2025-03-01
R Bhatia,2014-2015,14,14.0,43.0,0.0,329.0,12.0,3/23,27.41,7.65,21.5,0.0,0.0,RR,2013-01-01,2025-03-01
K Gowtham,2018-2019,22,22.0,60.0,0.0,478.0,12.0,2/12,39.83,7.96,30.0,0.0,0.0,RR,2013-01-01,2025-03-01
SK Trivedi,2013-2013,17,17.0,59.5,1.0,410.0,12.0,3/23,34.16,6.85,29.9,0.0,0.0,RR,2013-01-01,2025-03-01
OC McCoy,2022-2023,8,8.0,26.5,0.0,250.0,11.0,3/23,22.72,9.31,14.6,0.0,0.0,RR,2013-01-01,2025-03-01
B Laughlin,2018-2018,7,7.0,20.5,0.0,211.0,9.0,2/15,23.44,10.12,13.8,0.0,0.0,RR,2013-01-01,2025-03-01
KW Richardson,2014-2014,7,7.0,27.0,0.0,206.0,9.0,2/18,22.88,7.62,18.0,0.0,0.0,RR,2013-01-01,2025-03-01
IS Sodhi,2018-2019,8,8.0,30.1,1.0,202.0,9.0,3/26,22.44,6.69,20.1,0.0,0.0,RR,2013-01-01,2025-03-01
VS Malik,2013-2014,7,7.0,22.0,0.0,160.0,8.0,3/24,20.0,7.27,16.5,0.0,0.0,RR,2013-01-01,2025-03-01
R Shukla,2013-2013,7,7.0,21.0,1.0,178.0,8.0,3/23,22.25,8.47,15.7,0.0,0.0,RR,2013-01-01,2025-03-01
A Zampa,2023-2023,6,6.0,22.0,0.0,188.0,8.0,3/22,23.5,8.54,16.5,0.0,0.0,RR,2013-01-01,2025-03-01
Ankit Sharma,2014-2018,8,7.0,23.0,0.0,168.0,7.0,2/20,24.0,7.3,19.7,0.0,0.0,RR,2013-01-01,2025-03-01
N Burger,2024-2024,6,5.0,17.0,0.0,145.0,7.0,2/29,20.71,8.52,14.5,0.0,0.0,RR,2013-01-01,2025-03-01
A Chandila,2013-2013,8,8.0,25.0,0.0,156.0,6.0,2/6,26.0,6.24,25.0,0.0,0.0,RR,2013-01-01,2025-03-01
NA Saini,2022-2023,4,4.0,12.0,0.0,146.0,6.0,3/40,24.33,12.16,12.0,0.0,0.0,RR,2013-01-01,2025-03-01
TG Southee,2014-2015,10,10.0,38.0,1.0,323.0,6.0,2/32,53.83,8.5,38.0,0.0,0.0,RR,2013-01-01,2025-03-01
S Sreesanth,2013-2013,7,7.0,21.4,2.0,163.0,5.0,2/20,32.6,7.52,26.0,0.0,0.0,RR,2013-01-01,2025-03-01
O Thomas,2019-2019,4,4.0,10.0,0.0,79.0,5.0,2/6,15.8,7.9,12.0,0.0,0.0,RR,2013-01-01,2025-03-01
VR Aaron,2019-2020,8,8.0,20.0,1.0,210.0,4.0,2/20,52.5,10.5,30.0,0.0,0.0,RR,2013-01-01,2025-03-01
JO Holder,2023-2023,8,8.0,28.3,0.0,284.0,4.0,2/29,71.0,9.96,42.7,0.0,0.0,RR,2013-01-01,2025-03-01
R Parag,2019-2024,70,21.0,29.1,0.0,307.0,4.0,1/7,76.75,10.52,43.7,0.0,0.0,RR,2013-01-01,2025-03-01
KM Asif,2023-2023,4,4.0,14.0,0.0,138.0,3.0,2/42,46.0,9.85,28.0,0.0,0.0,RR,2013-01-01,2025-03-01
TK Curran,2020-2020,5,5.0,18.1,0.0,208.0,3.0,1/37,69.33,11.44,36.3,0.0,0.0,RR,2013-01-01,2025-03-01
KA Maharaj,2024-2024,2,2.0,6.0,0.0,39.0,2.0,2/23,19.5,6.5,18.0,0.0,0.0,RR,2013-01-01,2025-03-01
AS Rajpoot,2020-2020,6,6.0,17.0,0.0,199.0,2.0,1/39,99.5,11.7,51.0,0.0,0.0,RR,2013-01-01,2025-03-01
K Yadav,2021-2023,3,3.0,9.0,0.0,84.0,2.0,1/18,42.0,9.33,27.0,0.0,0.0,RR,2013-01-01,2025-03-01
Anureet Singh,2018-2018,3,3.0,4.0,0.0,42.0,1.0,1/20,42.0,10.5,24.0,0.0,0.0,RR,2013-01-01,2025-03-01
AA Chavan,2013-2013,3,3.0,9.0,0.0,63.0,1.0,1/28,63.0,7.0,54.0,0.0,0.0,RR,2013-01-01,2025-03-01
BCJ Cutting,2014-2014,1,1.0,4.0,0.0,31.0,1.0,1/31,31.0,7.75,24.0,0.0,0.0,RR,2013-01-01,2025-03-01
SP Narine,2013-2024,167,165.0,640.0,3.0,4353.0,168.0,4/13,25.91,6.8,22.8,7.0,0.0,KKR,2013-01-01,2025-03-01
AD Russell,2014-2024,126,110.0,273.5,0.0,2522.0,116.0,5/15,21.74,9.2,14.1,2.0,1.0,KKR,2013-01-01,2025-03-01
CV Varun,2020-2024,70,69.0,261.4,1.0,1967.0,82.0,5/20,23.98,7.51,19.1,1.0,1.0,KKR,2013-01-01,2025-03-01
PP Chawla,2014-2019,76,75.0,245.2,0.0,2023.0,71.0,4/32,28.49,8.24,20.7,1.0,0.0,KKR,2013-01-01,2025-03-01
UT Yadav,2014-2023,68,68.0,232.3,2.0,1964.0,65.0,4/23,30.21,8.44,21.4,2.0,0.0,KKR,2013-01-01,2025-03-01
Kuldeep Yadav,2014-2020,50,48.0,169.2,0.0,1386.0,46.0,4/20,30.13,8.18,22.0,1.0,0.0,KKR,2013-01-01,2025-03-01
PJ Cummins,2014-2022,33,33.0,123.4,1.0,1103.0,32.0,4/34,34.46,8.91,23.1,1.0,0.0,KKR,2013-01-01,2025-03-01
M Morkel,2014-2016,29,29.0,111.3,2.0,870.0,32.0,2/18,27.18,7.8,20.9,0.0,0.0,KKR,2013-01-01,2025-03-01
M Prasidh Krishna,2018-2021,34,34.0,124.2,0.0,1152.0,30.0,4/30,38.4,9.26,24.8,1.0,0.0,KKR,2013-01-01,2025-03-01
Shivam Mavi,2018-2022,32,32.0,108.1,2.0,942.0,30.0,4/21,31.4,8.7,21.6,1.0,0.0,KKR,2013-01-01,2025-03-01
Harshit Rana,2022-2024,21,19.0,64.1,1.0,581.0,25.0,3/24,23.24,9.05,15.4,0.0,0.0,KKR,2013-01-01,2025-03-01
Shakib Al Hasan,2014-2021,36,35.0,124.0,1.0,918.0,24.0,2/22,38.25,7.4,31.0,0.0,0.0,KKR,2013-01-01,2025-03-01
LH Ferguson,2019-2023,21,21.0,74.3,0.0,651.0,22.0,3/15,29.59,8.73,20.3,0.0,0.0,KKR,2013-01-01,2025-03-01
JH Kallis,2013-2014,28,24.0,79.0,1.0,619.0,20.0,3/13,30.95,7.83,23.7,0.0,0.0,KKR,2013-01-01,2025-03-01
TG Southee,2021-2023,14,14.0,53.0,0.0,449.0,19.0,3/20,23.63,8.47,16.7,0.0,0.0,KKR,2013-01-01,2025-03-01
MA Starc,2024-2024,14,13.0,41.5,0.0,444.0,17.0,4/33,26.11,10.61,14.7,1.0,0.0,KKR,2013-01-01,2025-03-01
CR Woakes,2017-2017,13,13.0,44.0,0.0,386.0,17.0,3/6,22.7,8.77,15.5,0.0,0.0,KKR,2013-01-01,2025-03-01
VG Arora,2023-2024,15,15.0,46.0,0.0,422.0,16.0,3/27,26.37,9.17,17.2,0.0,0.0,KKR,2013-01-01,2025-03-01
NM Coulter-Nile,2017-2017,8,8.0,28.2,0.0,228.0,15.0,3/20,15.2,8.04,11.3,0.0,0.0,KKR,2013-01-01,2025-03-01
GB Hogg,2015-2016,11,11.0,37.0,1.0,286.0,13.0,4/29,22.0,7.72,17.0,1.0,0.0,KKR,2013-01-01,2025-03-01
L Balaji,2013-2013,13,13.0,50.0,1.0,387.0,12.0,3/19,32.25,7.74,25.0,0.0,0.0,KKR,2013-01-01,2025-03-01
R Bhatia,2013-2013,15,15.0,43.5,0.0,332.0,11.0,2/23,30.18,7.57,23.9,0.0,0.0,KKR,2013-01-01,2025-03-01
YK Pathan,2013-2017,80,24.0,48.3,0.0,375.0,10.0,2/25,37.5,7.73,29.1,0.0,0.0,KKR,2013-01-01,2025-03-01
N Rana,2018-2024,90,23.0,29.0,0.0,249.0,10.0,2/11,24.9,8.58,17.4,0.0,0.0,KKR,2013-01-01,2025-03-01
Suyash Sharma,2023-2024,13,13.0,43.0,0.0,372.0,10.0,3/30,37.2,8.65,25.8,0.0,0.0,KKR,2013-01-01,2025-03-01
SMSM Senanayake,2013-2013,8,8.0,32.0,1.0,209.0,9.0,2/26,23.22,6.53,21.3,0.0,0.0,KKR,2013-01-01,2025-03-01
R Vinay Kumar,2014-2018,11,11.0,35.5,0.0,346.0,9.0,2/26,38.44,9.65,23.8,0.0,0.0,KKR,2013-01-01,2025-03-01
HF Gurney,2019-2019,8,8.0,27.0,0.0,238.0,7.0,2/25,34.0,8.81,23.1,0.0,0.0,KKR,2013-01-01,2025-03-01
Iqbal Abdulla,2013-2013,5,5.0,18.5,0.0,142.0,7.0,3/29,20.28,7.53,16.1,0.0,0.0,KKR,2013-01-01,2025-03-01
AS Rajpoot,2016-2017,9,9.0,25.0,0.0,205.0,7.0,3/37,29.28,8.2,21.4,0.0,0.0,KKR,2013-01-01,2025-03-01
SN Thakur,2023-2023,11,9.0,21.0,0.0,220.0,7.0,2/23,31.42,10.47,18.0,0.0,0.0,KKR,2013-01-01,2025-03-01
TK Curran,2018-2018,5,5.0,10.1,0.0,118.0,6.0,2/19,19.66,11.6,10.1,0.0,0.0,KKR,2013-01-01,2025-03-01
TA Boult,2017-2017,6,6.0,23.5,0.0,216.0,5.0,2/30,43.2,9.06,28.6,0.0,0.0,KKR,2013-01-01,2025-03-01
KL Nagarkoti,2020-2021,11,10.0,28.0,0.0,256.0,5.0,2/13,51.2,9.14,33.6,0.0,0.0,KKR,2013-01-01,2025-03-01
C de Grandhomme,2017-2017,12,9.0,16.0,0.0,135.0,4.0,3/4,33.75,8.43,24.0,0.0,0.0,KKR,2013-01-01,2025-03-01
B Lee,2013-2013,3,3.0,12.0,0.0,86.0,4.0,2/40,21.5,7.16,18.0,0.0,0.0,KKR,2013-01-01,2025-03-01
AS Roy,2022-2024,10,8.0,20.4,0.0,180.0,4.0,2/19,45.0,8.7,31.0,0.0,0.0,KKR,2013-01-01,2025-03-01
VR Iyer,2021-2024,51,9.0,13.3,0.0,143.0,3.0,2/29,47.66,10.59,27.0,0.0,0.0,KKR,2013-01-01,2025-03-01
R McLaren,2013-2013,2,2.0,7.0,0.0,94.0,3.0,2/60,31.33,13.42,14.0,0.0,0.0,KKR,2013-01-01,2025-03-01
JW Hastings,2016-2016,2,2.0,6.4,1.0,37.0,2.0,2/6,18.5,5.55,20.0,0.0,0.0,KKR,2013-01-01,2025-03-01
JO Holder,2016-2016,4,4.0,13.0,0.0,103.0,2.0,2/33,51.5,7.92,39.0,0.0,0.0,KKR,2013-01-01,2025-03-01
MG Johnson,2018-2018,6,6.0,21.0,0.0,216.0,2.0,1/30,108.0,10.28,63.0,0.0,0.0,KKR,2013-01-01,2025-03-01
K Khejroliya,2023-2023,2,2.0,4.2,0.0,64.0,2.0,2/44,32.0,14.76,13.0,0.0,0.0,KKR,2013-01-01,2025-03-01
S Sandeep Warrier,2019-2021,5,5.0,17.0,0.0,134.0,2.0,2/31,67.0,7.88,51.0,0.0,0.0,KKR,2013-01-01,2025-03-01
JPR Scantlebury-Searles,2018-2018,4,3.0,7.0,0.0,89.0,2.0,1/24,44.5,12.71,21.0,0.0,0.0,KKR,2013-01-01,2025-03-01
S Ladda,2013-2013,1,1.0,2.0,0.0,18.0,1.0,1/18,18.0,9.0,12.0,0.0,0.0,KKR,2013-01-01,2025-03-01
J Botha,2015-2015,4,4.0,10.0,0.0,81.0,1.0,1/32,81.0,8.1,60.0,0.0,0.0,KKR,2013-01-01,2025-03-01
KC Cariappa,2015-2019,2,2.0,4.0,0.0,62.0,1.0,1/28,62.0,15.5,24.0,0.0,0.0,KKR,2013-01-01,2025-03-01
Mohammed Shami,2013-2013,3,3.0,9.0,0.0,78.0,1.0,1/32,78.0,8.66,54.0,0.0,0.0,KKR,2013-01-01,2025-03-01
Y Prithvi Raj,2019-2019,2,2.0,5.0,0.0,57.0,1.0,1/29,57.0,11.4,30.0,0.0,0.0,KKR,2013-01-01,2025-03-01
