Team,Player,Span,Mat,Inns,Overs,Mdns,Runs,Wkts,BBI,Ave,Econ,SR,4,5,Start Date,End Date
KKR,CV Varun,2021-2025,58,57.0,213.4,1.0,1654.0,66.0,4/15,25.06,7.74,19.4,1.0,0.0,2021-01-01,2025-12-31
KKR,SP Narine,2021-2025,58,57.0,219.0,0.0,1451.0,54.0,4/21,26.87,6.62,24.3,1.0,0.0,2021-01-01,2025-12-31
KKR,AD Russell,2021-2025,54,44.0,91.4,0.0,933.0,54.0,5/15,17.27,10.17,10.1,1.0,1.0,2021-01-01,2025-12-31
KKR,Harshit Rana,2022-2025,22,20.0,67.1,1.0,613.0,25.0,3/24,24.52,9.12,16.1,0.0,0.0,2022-01-01,2025-12-31
KKR,TG Southee,2021-2023,14,14.0,53.0,0.0,449.0,19.0,3/20,23.63,8.47,16.7,0.0,0.0,2021-01-01,2023-12-31
KKR,VG Arora,2023-2025,16,16.0,49.0,0.0,464.0,17.0,3/27,27.29,9.46,17.2,0.0,0.0,2023-01-01,2025-12-31
KKR,MA Starc,2024-2024,14,13.0,41.5,0.0,444.0,17.0,4/33,26.11,10.61,14.7,1.0,0.0,2024-01-01,2024-12-31
KKR,UT Yadav,2022-2023,20,20.0,67.0,2.0,528.0,17.0,4/23,31.05,7.88,23.6,1.0,0.0,2022-01-01,2023-12-31
KKR,PJ Cummins,2021-2022,12,12.0,46.4,0.0,449.0,16.0,3/22,28.06,9.62,17.5,0.0,0.0,2021-01-01,2022-12-31
KKR,Shivam Mavi,2021-2022,15,15.0,54.1,0.0,460.0,16.0,4/21,28.75,8.49,20.3,1.0,0.0,2021-01-01,2022-12-31
KKR,LH Ferguson,2021-2023,11,11.0,37.4,0.0,320.0,14.0,3/18,22.85,8.49,16.1,0.0,0.0,2021-01-01,2023-12-31
KKR,M Prasidh Krishna,2021-2021,10,10.0,38.3,0.0,351.0,12.0,3/30,29.25,9.11,19.2,0.0,0.0,2021-01-01,2021-12-31
KKR,Suyash Sharma,2023-2024,13,13.0,43.0,0.0,372.0,10.0,3/30,37.2,8.65,25.8,0.0,0.0,2023-01-01,2024-12-31
KKR,SN Thakur,2023-2023,11,9.0,21.0,0.0,220.0,7.0,2/23,31.42,10.47,18.0,0.0,0.0,2023-01-01,2023-12-31
KKR,AS Roy,2022-2024,10,8.0,20.4,0.0,180.0,4.0,2/19,45.0,8.7,31.0,0.0,0.0,2022-01-01,2024-12-31
KKR,Shakib Al Hasan,2021-2021,8,8.0,26.0,0.0,187.0,4.0,1/1,46.75,7.19,39.0,0.0,0.0,2021-01-01,2021-12-31
KKR,VR Iyer,2021-2025,52,9.0,13.3,0.0,143.0,3.0,2/29,47.66,10.59,27.0,0.0,0.0,2021-01-01,2025-12-31
KKR,N Rana,2021-2024,47,10.0,12.5,0.0,110.0,3.0,2/17,36.66,8.57,25.6,0.0,0.0,2021-01-01,2024-12-31
KKR,K Khejroliya,2023-2023,2,2.0,4.2,0.0,64.0,2.0,2/44,32.0,14.76,13.0,0.0,0.0,2023-01-01,2023-12-31
KKR,Aman Hakim Khan,2022-2022,1,1.0,1.0,0.0,13.0,0.0,,,13.0,,0.0,0.0,2022-01-01,2022-12-31
KKR,PVD Chameera,2024-2024,1,1.0,3.0,0.0,48.0,0.0,,,16.0,,0.0,0.0,2024-01-01,2024-12-31
KKR,Harbhajan Singh,2021-2021,3,3.0,7.0,0.0,63.0,0.0,,,9.0,,0.0,0.0,2021-01-01,2021-12-31
KKR,SS Iyer,2022-2024,29,1.0,1.0,0.0,7.0,0.0,,,7.0,,0.0,0.0,2022-01-01,2024-12-31
KKR,SH Johnson,2025-2025,1,1.0,2.2,0.0,31.0,0.0,,,13.28,,0.0,0.0,2025-01-01,2025-12-31
KKR,KL Nagarkoti,2021-2021,1,1.0,2.0,0.0,25.0,0.0,,,12.5,,0.0,0.0,2021-01-01,2021-12-31
KKR,Ramandeep Singh,2024-2025,16,1.0,0.4,0.0,9.0,0.0,,,13.5,,0.0,0.0,2024-01-01,2025-12-31
KKR,Rasikh Salam,2022-2022,2,2.0,4.0,0.0,28.0,0.0,,,7.0,,0.0,0.0,2022-01-01,2022-12-31
KKR,S Sandeep Warrier,2021-2021,1,1.0,2.0,0.0,15.0,0.0,,,7.5,,0.0,0.0,2021-01-01,2021-12-31
KKR,D Wiese,2023-2023,3,1.0,3.0,0.0,38.0,0.0,,,12.66,,0.0,0.0,2023-01-01,2023-12-31
KKR,SW Billings,2022-2022,8,,,,,,,,,,,,2022-01-01,2022-12-31
KKR,Q de Kock,2025-2025,1,,,,,,,,,,,,2025-01-01,2025-12-31
KKR,AJ Finch,2022-2022,5,,,,,,,,,,,,2022-01-01,2022-12-31
KKR,B Indrajith,2022-2022,3,,,,,,,,,,,,2022-01-01,2022-12-31
KKR,SP Jackson,2022-2022,5,,,,,,,,,,,,2022-01-01,2022-12-31
KKR,N Jagadeesan,2023-2023,6,,,,,,,,,,,,2023-01-01,2023-12-31
KKR,KD Karthik,2021-2021,17,,,,,,,,,,,,2021-01-01,2021-12-31
KKR,Litton Das,2023-2023,1,,,,,,,,,,,,2023-01-01,2023-12-31
KKR,Mandeep Singh,2023-2023,3,,,,,,,,,,,,2023-01-01,2023-12-31
KKR,EJG Morgan,2021-2021,17,,,,,,,,,,,,2021-01-01,2021-12-31
KKR,MK Pandey,2024-2024,1,,,,,,,,,,,,2024-01-01,2024-12-31
KKR,A Raghuvanshi,2024-2025,11,,,,,,,,,,,,2024-01-01,2025-12-31
KKR,AM Rahane,2022-2025,8,,,,,,,,,,,,2022-01-01,2025-12-31
KKR,Rahmanullah Gurbaz,2023-2024,14,,,,,,,,,,,,2023-01-01,2024-12-31
KKR,JJ Roy,2023-2023,8,,,,,,,,,,,,2023-01-01,2023-12-31
KKR,PD Salt,2024-2024,12,,,,,,,,,,,,2024-01-01,2024-12-31
KKR,TL Seifert,2021-2021,1,,,,,,,,,,,,2021-01-01,2021-12-31
KKR,Shubman Gill,2021-2021,17,,,,,,,,,,,,2021-01-01,2021-12-31
KKR,RK Singh,2022-2025,37,,,,,,,,,,,,2022-01-01,2025-12-31
KKR,A Tomar,2022-2022,1,,,,,,,,,,,,2022-01-01,2022-12-31
KKR,RA Tripathi,2021-2021,17,,,,,,,,,,,,2021-01-01,2021-12-31
CSK,RA Jadeja,2021-2025,57,57.0,189.0,1.0,1415.0,46.0,3/13,30.76,7.48,24.6,0.0,0.0,2021-01-01,2025-12-31
CSK,TU Deshpande,2022-2024,31,31.0,111.5,0.0,1051.0,39.0,4/27,26.94,9.39,17.2,1.0,0.0,2022-01-01,2024-12-31
CSK,M Pathirana,2022-2024,20,20.0,75.1,0.0,592.0,34.0,4/28,17.41,7.87,13.2,1.0,0.0,2022-01-01,2024-12-31
CSK,DL Chahar,2021-2024,33,33.0,111.3,1.0,950.0,32.0,4/13,29.68,8.52,20.9,2.0,0.0,2021-01-01,2024-12-31
CSK,DJ Bravo,2021-2022,21,21.0,68.0,1.0,562.0,30.0,3/20,18.73,8.26,13.6,0.0,0.0,2021-01-01,2022-12-31
CSK,SN Thakur,2021-2024,25,25.0,91.3,1.0,836.0,26.0,3/28,32.15,9.13,21.1,0.0,0.0,2021-01-01,2024-12-31
CSK,MM Ali,2021-2024,48,35.0,83.1,0.0,585.0,25.0,4/26,23.4,7.03,19.9,1.0,0.0,2021-01-01,2024-12-31
CSK,M Theekshana,2022-2024,27,27.0,104.0,1.0,797.0,25.0,4/33,31.88,7.66,24.9,1.0,0.0,2022-01-01,2024-12-31
CSK,Mukesh Choudhary,2022-2024,14,14.0,46.3,0.0,451.0,16.0,4/46,28.18,9.69,17.4,1.0,0.0,2022-01-01,2024-12-31
CSK,Mustafizur Rahman,2024-2024,9,9.0,34.2,1.0,318.0,14.0,4/29,22.71,9.26,14.7,1.0,0.0,2024-01-01,2024-12-31
CSK,JR Hazlewood,2021-2021,9,9.0,35.0,0.0,293.0,11.0,3/24,26.63,8.37,19.0,0.0,0.0,2021-01-01,2021-12-31
CSK,SM Curran,2021-2025,10,10.0,34.0,0.0,341.0,9.0,3/34,37.88,10.02,22.6,0.0,0.0,2021-01-01,2025-12-31
CSK,MJ Santner,2022-2024,12,12.0,40.0,0.0,275.0,9.0,2/28,30.55,6.87,26.6,0.0,0.0,2022-01-01,2024-12-31
CSK,Simarjeet Singh,2022-2024,10,10.0,30.0,0.0,259.0,9.0,3/26,28.77,8.63,20.0,0.0,0.0,2022-01-01,2024-12-31
CSK,D Pretorius,2022-2023,7,7.0,25.0,0.0,238.0,6.0,2/30,39.66,9.52,25.0,0.0,0.0,2022-01-01,2023-12-31
CSK,Akash Singh,2023-2023,6,6.0,19.0,0.0,188.0,5.0,2/40,37.6,9.89,22.8,0.0,0.0,2023-01-01,2023-12-31
CSK,L Ngidi,2021-2021,3,3.0,12.0,0.0,125.0,5.0,3/28,25.0,10.41,14.4,0.0,0.0,2021-01-01,2021-12-31
CSK,Noor Ahmad,2025-2025,1,1.0,4.0,0.0,18.0,4.0,4/18,4.5,4.5,6.0,1.0,0.0,2025-01-01,2025-12-31
CSK,KK Ahmed,2025-2025,1,1.0,4.0,0.0,29.0,3.0,3/29,9.66,7.25,8.0,0.0,0.0,2025-01-01,2025-12-31
CSK,RS Hangargekar,2023-2023,2,2.0,6.0,0.0,60.0,3.0,3/36,20.0,10.0,12.0,0.0,0.0,2023-01-01,2023-12-31
CSK,Imran Tahir,2021-2021,1,1.0,4.0,0.0,16.0,2.0,2/16,8.0,4.0,12.0,0.0,0.0,2021-01-01,2021-12-31
CSK,CJ Jordan,2022-2022,4,4.0,12.5,0.0,135.0,2.0,2/23,67.5,10.51,38.5,0.0,0.0,2022-01-01,2022-12-31
CSK,PH Solanki,2022-2022,2,2.0,6.0,0.0,38.0,2.0,2/20,19.0,6.33,18.0,0.0,0.0,2022-01-01,2022-12-31
CSK,R Ashwin,2025-2025,1,1.0,4.0,0.0,31.0,1.0,1/31,31.0,7.75,24.0,0.0,0.0,2025-01-01,2025-12-31
CSK,KM Asif,2021-2021,1,1.0,2.1,0.0,18.0,1.0,1/18,18.0,8.3,13.0,0.0,0.0,2021-01-01,2021-12-31
CSK,S Dube,2022-2025,42,3.0,3.0,0.0,50.0,1.0,1/14,50.0,16.66,18.0,0.0,0.0,2022-01-01,2025-12-31
CSK,NT Ellis,2025-2025,1,1.0,4.0,0.0,38.0,1.0,1/38,38.0,9.5,24.0,0.0,0.0,2025-01-01,2025-12-31
CSK,RJ Gleeson,2024-2024,2,2.0,7.5,0.0,71.0,1.0,1/30,71.0,9.06,47.0,0.0,0.0,2024-01-01,2024-12-31
CSK,SSB Magala,2023-2023,2,2.0,6.0,0.0,51.0,1.0,1/37,51.0,8.5,36.0,0.0,0.0,2023-01-01,2023-12-31
CSK,DJ Mitchell,2024-2024,13,2.0,6.0,0.0,70.0,1.0,1/18,70.0,11.66,36.0,0.0,0.0,2024-01-01,2024-12-31
CSK,AF Milne,2022-2022,1,1.0,2.3,0.0,19.0,0.0,,,7.6,,0.0,0.0,2022-01-01,2022-12-31
CSK,R Ravindra,2024-2025,11,2.0,2.0,0.0,7.0,0.0,,,3.5,,0.0,0.0,2024-01-01,2025-12-31
CSK,BA Stokes,2023-2023,2,1.0,1.0,0.0,18.0,0.0,,,18.0,,0.0,0.0,2023-01-01,2023-12-31
CSK,DP Conway,2022-2023,23,,,,,,,,,,,,2022-01-01,2023-12-31
CSK,MS Dhoni,2021-2025,61,,,,,,,,,,,,2021-01-01,2025-12-31
CSK,F du Plessis,2021-2021,16,,,,,,,,,,,,2021-01-01,2021-12-31
CSK,RD Gaikwad,2021-2025,61,,,,,,,,,,,,2021-01-01,2025-12-31
CSK,DJ Hooda,2025-2025,1,,,,,,,,,,,,2025-01-01,2025-12-31
CSK,N Jagadeesan,2022-2022,2,,,,,,,,,,,,2022-01-01,2022-12-31
CSK,AM Rahane,2023-2024,27,,,,,,,,,,,,2023-01-01,2024-12-31
CSK,SK Raina,2021-2021,12,,,,,,,,,,,,2021-01-01,2021-12-31
CSK,AT Rayudu,2021-2023,45,,,,,,,,,,,,2021-01-01,2023-12-31
CSK,Sameer Rizvi,2024-2024,8,,,,,,,,,,,,2024-01-01,2024-12-31
CSK,RA Tripathi,2025-2025,1,,,,,,,,,,,,2025-01-01,2025-12-31
CSK,RV Uthappa,2021-2022,16,,,,,,,,,,,,2021-01-01,2022-12-31
MI,JJ Bumrah,2021-2024,41,41.0,160.1,2.0,1129.0,56.0,5/10,20.16,7.04,17.1,0.0,2.0,2021-01-01,2024-12-31
MI,PP Chawla,2021-2024,28,28.0,100.0,0.0,845.0,36.0,3/22,23.47,8.45,16.6,0.0,0.0,2021-01-01,2024-12-31
MI,A Madhwal,2023-2024,13,13.0,43.4,0.0,424.0,19.0,5/5,22.31,9.7,13.7,1.0,1.0,2023-01-01,2024-12-31
MI,RP Meredith,2022-2023,13,13.0,47.4,0.0,443.0,15.0,2/24,29.53,9.29,19.0,0.0,0.0,2022-01-01,2023-12-31
MI,JP Behrendorff,2023-2023,12,12.0,42.0,0.0,387.0,14.0,3/23,27.64,9.21,18.0,0.0,0.0,2023-01-01,2023-12-31
MI,TA Boult,2021-2025,15,15.0,54.2,1.0,433.0,13.0,3/28,33.3,7.96,25.0,0.0,0.0,2021-01-01,2025-12-31
MI,RD Chahar,2021-2021,11,11.0,43.0,0.0,318.0,13.0,4/27,24.46,7.39,19.8,1.0,0.0,2021-01-01,2021-12-31
MI,G Coetzee,2024-2024,10,10.0,33.3,0.0,341.0,13.0,4/34,26.23,10.17,15.4,1.0,0.0,2024-01-01,2024-12-31
MI,DR Sams,2022-2022,11,11.0,42.0,0.0,370.0,13.0,4/30,28.46,8.8,19.3,1.0,0.0,2022-01-01,2022-12-31
MI,HH Pandya,2021-2024,26,12.0,36.0,0.0,387.0,11.0,3/31,35.18,10.75,19.6,0.0,0.0,2021-01-01,2024-12-31
MI,K Kartikeya,2022-2023,12,12.0,39.0,0.0,329.0,10.0,2/22,32.9,8.43,23.4,0.0,0.0,2022-01-01,2023-12-31
MI,M Ashwin,2022-2022,8,8.0,29.0,0.0,228.0,9.0,2/14,25.33,7.86,19.3,0.0,0.0,2022-01-01,2022-12-31
MI,KA Pollard,2021-2022,25,15.0,27.1,0.0,220.0,9.0,2/8,24.44,8.09,18.1,0.0,0.0,2021-01-01,2022-12-31
MI,N Thushara,2024-2024,7,7.0,26.0,0.0,257.0,8.0,3/28,32.12,9.88,19.5,0.0,0.0,2024-01-01,2024-12-31
MI,NM Coulter-Nile,2021-2021,5,5.0,20.0,0.0,127.0,7.0,4/14,18.14,6.35,17.1,1.0,0.0,2021-01-01,2021-12-31
MI,C Green,2023-2023,16,16.0,38.0,0.0,361.0,6.0,2/41,60.16,9.5,38.0,0.0,0.0,2023-01-01,2023-12-31
MI,TS Mills,2022-2022,5,5.0,17.0,0.0,190.0,6.0,3/35,31.66,11.17,17.0,0.0,0.0,2022-01-01,2022-12-31
MI,Ramandeep Singh,2022-2022,5,3.0,6.0,0.0,54.0,6.0,3/20,9.0,9.0,6.0,0.0,0.0,2022-01-01,2022-12-31
MI,JD Unadkat,2022-2022,5,5.0,20.0,0.0,190.0,6.0,2/32,31.66,9.5,20.0,0.0,0.0,2022-01-01,2022-12-31
MI,Arshad Khan,2023-2023,6,6.0,14.1,0.0,190.0,5.0,3/39,38.0,13.41,17.0,0.0,0.0,2023-01-01,2023-12-31
MI,Basil Thampi,2022-2022,5,5.0,16.0,1.0,152.0,5.0,3/35,30.4,9.5,19.2,0.0,0.0,2022-01-01,2022-12-31
MI,JDS Neesham,2021-2021,3,3.0,9.0,0.0,66.0,5.0,3/12,13.2,7.33,10.8,0.0,0.0,2021-01-01,2021-12-31
MI,KH Pandya,2021-2021,13,12.0,33.1,0.0,265.0,5.0,1/13,53.0,7.98,39.8,0.0,0.0,2021-01-01,2021-12-31
MI,HR Shokeen,2022-2023,13,13.0,34.0,0.0,314.0,5.0,2/34,62.8,9.23,40.8,0.0,0.0,2022-01-01,2023-12-31
MI,S Gopal,2024-2024,3,3.0,7.0,0.0,67.0,3.0,1/9,22.33,9.57,14.0,0.0,0.0,2024-01-01,2024-12-31
MI,CJ Jordan,2023-2023,6,6.0,22.0,1.0,237.0,3.0,1/7,79.0,10.77,44.0,0.0,0.0,2023-01-01,2023-12-31
MI,AF Milne,2021-2021,4,4.0,14.0,0.0,131.0,3.0,2/21,43.66,9.35,28.0,0.0,0.0,2021-01-01,2021-12-31
MI,V Puthur,2025-2025,1,1.0,4.0,0.0,32.0,3.0,3/32,10.66,8.0,8.0,0.0,0.0,2025-01-01,2025-12-31
MI,AS Tendulkar,2023-2024,5,5.0,12.1,0.0,114.0,3.0,1/9,38.0,9.36,24.3,0.0,0.0,2023-01-01,2024-12-31
MI,JC Archer,2023-2023,5,5.0,20.0,0.0,190.0,2.0,1/35,95.0,9.5,60.0,0.0,0.0,2023-01-01,2023-12-31
MI,M Jansen,2021-2021,2,2.0,6.0,0.0,45.0,2.0,2/28,22.5,7.5,18.0,0.0,0.0,2021-01-01,2021-12-31
MI,A Kamboj,2024-2024,3,3.0,10.0,0.0,114.0,2.0,1/24,57.0,11.4,30.0,0.0,0.0,2024-01-01,2024-12-31
MI,Mohammad Nabi,2024-2024,7,6.0,12.2,0.0,109.0,2.0,1/16,54.5,8.83,37.0,0.0,0.0,2024-01-01,2024-12-31
MI,J Yadav,2021-2021,5,5.0,17.0,0.0,130.0,2.0,1/25,65.0,7.64,51.0,0.0,0.0,2021-01-01,2021-12-31
MI,FA Allen,2022-2022,1,1.0,4.0,0.0,46.0,1.0,1/46,46.0,11.5,24.0,0.0,0.0,2022-01-01,2022-12-31
MI,D Brevis,2022-2024,10,1.0,0.3,0.0,8.0,1.0,1/8,8.0,16.0,3.0,0.0,0.0,2022-01-01,2024-12-31
MI,DL Chahar,2025-2025,1,1.0,2.0,0.0,18.0,1.0,1/18,18.0,9.0,12.0,0.0,0.0,2025-01-01,2025-12-31
MI,WG Jacks,2025-2025,1,1.0,4.0,0.0,32.0,1.0,1/32,32.0,8.0,24.0,0.0,0.0,2025-01-01,2025-12-31
MI,D Jansen,2023-2023,1,1.0,4.0,0.0,53.0,1.0,1/53,53.0,13.25,24.0,0.0,0.0,2023-01-01,2023-12-31
MI,KT Maphaka,2024-2024,2,2.0,6.0,0.0,89.0,1.0,1/23,89.0,14.83,36.0,0.0,0.0,2024-01-01,2024-12-31
MI,M Markande,2022-2022,2,2.0,7.0,0.0,57.0,1.0,1/26,57.0,8.14,42.0,0.0,0.0,2022-01-01,2022-12-31
MI,R Shepherd,2024-2024,6,5.0,12.0,0.0,159.0,1.0,1/54,159.0,13.25,72.0,0.0,0.0,2024-01-01,2024-12-31
MI,T Stubbs,2022-2023,4,1.0,2.0,0.0,14.0,1.0,1/14,14.0,7.0,12.0,0.0,0.0,2022-01-01,2023-12-31
MI,L Wood,2024-2024,2,2.0,6.0,0.0,93.0,1.0,1/68,93.0,15.5,36.0,0.0,0.0,2024-01-01,2024-12-31
MI,R Goyal,2023-2023,1,1.0,4.0,0.0,33.0,0.0,,,8.25,,0.0,0.0,2023-01-01,2023-12-31
MI,DS Kulkarni,2021-2021,1,1.0,4.0,0.0,48.0,0.0,,,12.0,,0.0,0.0,2021-01-01,2021-12-31
MI,SZ Mulani,2024-2024,2,2.0,5.0,0.0,57.0,0.0,,,11.4,,0.0,0.0,2024-01-01,2024-12-31
MI,Naman Dhir,2024-2025,8,4.0,7.4,0.0,67.0,0.0,,,8.73,,0.0,0.0,2024-01-01,2025-12-31
MI,PVSN Raju,2025-2025,1,1.0,1.0,0.0,13.0,0.0,,,13.0,,0.0,0.0,2025-01-01,2025-12-31
MI,R Sanjay Yadav,2022-2022,1,1.0,2.0,0.0,23.0,0.0,,,11.5,,0.0,0.0,2022-01-01,2022-12-31
MI,MJ Santner,2025-2025,1,1.0,2.1,0.0,24.0,0.0,,,11.07,,0.0,0.0,2025-01-01,2025-12-31
MI,RG Sharma,2021-2025,58,2.0,1.1,0.0,13.0,0.0,,,11.14,,0.0,0.0,2021-01-01,2025-12-31
MI,NT Tilak Varma,2022-2025,39,4.0,3.4,0.0,28.0,0.0,,,7.63,,0.0,0.0,2022-01-01,2025-12-31
MI,N Wadhera,2023-2024,20,1.0,2.0,0.0,13.0,0.0,,,6.5,,0.0,0.0,2023-01-01,2024-12-31
MI,Anmolpreet Singh,2021-2022,3,,,,,,,,,,,,2021-01-01,2022-12-31
MI,TH David,2022-2024,37,,,,,,,,,,,,2022-01-01,2024-12-31
MI,Q de Kock,2021-2021,11,,,,,,,,,,,,2021-01-01,2021-12-31
MI,Ishan Kishan,2021-2024,54,,,,,,,,,,,,2021-01-01,2024-12-31
MI,CA Lynn,2021-2021,1,,,,,,,,,,,,2021-01-01,2021-12-31
MI,R Minz,2025-2025,1,,,,,,,,,,,,2025-01-01,2025-12-31
MI,RD Rickelton,2025-2025,1,,,,,,,,,,,,2025-01-01,2025-12-31
MI,SS Tiwary,2021-2021,5,,,,,,,,,,,,2021-01-01,2021-12-31
MI,Vishnu Vinod,2023-2023,3,,,,,,,,,,,,2023-01-01,2023-12-31
MI,SA Yadav,2021-2025,50,,,,,,,,,,,,2021-01-01,2025-12-31
RCB,HV Patel,2021-2023,44,43.0,156.5,2.0,1323.0,65.0,5/27,20.35,8.43,14.4,2.0,1.0,2021-01-01,2023-12-31
RCB,Mohammed Siraj,2021-2024,58,58.0,207.0,1.0,1738.0,54.0,4/21,32.18,8.39,23.0,1.0,0.0,2021-01-01,2024-12-31
RCB,PW Hasaranga,2021-2023,26,26.0,92.0,1.0,748.0,35.0,5/18,21.37,8.13,15.7,1.0,1.0,2021-01-01,2023-12-31
RCB,JR Hazlewood,2022-2025,16,16.0,59.3,1.0,475.0,25.0,4/25,19.0,7.98,14.2,1.0,0.0,2022-01-01,2025-12-31
RCB,YS Chahal,2021-2021,15,15.0,53.0,1.0,374.0,18.0,3/11,20.77,7.05,17.6,0.0,0.0,2021-01-01,2021-12-31
RCB,GJ Maxwell,2021-2024,52,29.0,66.2,1.0,523.0,18.0,2/22,29.05,7.88,22.1,0.0,0.0,2021-01-01,2024-12-31
RCB,KV Sharma,2023-2024,16,16.0,45.3,0.0,477.0,17.0,2/19,28.05,10.48,16.0,0.0,0.0,2023-01-01,2024-12-31
RCB,Yash Dayal,2024-2025,15,15.0,53.1,0.0,484.0,16.0,3/20,30.25,9.1,19.9,0.0,0.0,2024-01-01,2025-12-31
RCB,V Vyshak,2023-2024,11,11.0,38.3,0.0,395.0,13.0,3/20,30.38,10.25,17.7,0.0,0.0,2023-01-01,2024-12-31
RCB,Shahbaz Ahmed,2021-2023,37,25.0,56.0,0.0,523.0,12.0,3/7,43.58,9.33,28.0,0.0,0.0,2021-01-01,2023-12-31
RCB,C Green,2024-2024,13,13.0,35.1,0.0,303.0,10.0,2/12,30.3,8.61,21.1,0.0,0.0,2024-01-01,2024-12-31
RCB,LH Ferguson,2024-2024,7,7.0,24.0,0.0,255.0,9.0,2/23,28.33,10.62,16.0,0.0,0.0,2024-01-01,2024-12-31
RCB,KA Jamieson,2021-2021,9,9.0,28.0,0.0,269.0,9.0,3/41,29.88,9.6,18.6,0.0,0.0,2021-01-01,2021-12-31
RCB,WD Parnell,2023-2023,7,7.0,25.1,0.0,236.0,9.0,3/10,26.22,9.37,16.7,0.0,0.0,2023-01-01,2023-12-31
RCB,Akash Deep,2022-2024,8,8.0,27.2,1.0,319.0,7.0,3/45,45.57,11.67,23.4,0.0,0.0,2022-01-01,2024-12-31
RCB,MG Bracewell,2023-2023,5,5.0,11.0,0.0,95.0,6.0,2/13,15.83,8.63,11.0,0.0,0.0,2023-01-01,2023-12-31
RCB,Swapnil Singh,2024-2024,7,7.0,15.0,0.0,133.0,6.0,2/28,22.16,8.86,15.0,0.0,0.0,2024-01-01,2024-12-31
RCB,RJW Topley,2023-2024,5,5.0,17.0,0.0,182.0,5.0,2/27,36.4,10.7,20.4,0.0,0.0,2023-01-01,2024-12-31
RCB,DT Christian,2021-2021,9,9.0,16.4,0.0,155.0,4.0,2/14,38.75,9.3,25.0,0.0,0.0,2021-01-01,2021-12-31
RCB,DJ Willey,2022-2023,8,8.0,26.0,1.0,177.0,4.0,2/16,44.25,6.8,39.0,0.0,0.0,2022-01-01,2023-12-31
RCB,GHS Garton,2021-2021,5,5.0,15.0,0.0,135.0,3.0,1/27,45.0,9.0,30.0,0.0,0.0,2021-01-01,2021-12-31
RCB,KH Pandya,2025-2025,1,1.0,4.0,0.0,29.0,3.0,3/29,9.66,7.25,8.0,0.0,0.0,2025-01-01,2025-12-31
RCB,Washington Sundar,2021-2021,6,6.0,16.0,0.0,118.0,3.0,1/7,39.33,7.37,32.0,0.0,0.0,2021-01-01,2021-12-31
RCB,WG Jacks,2024-2024,8,5.0,9.0,0.0,100.0,2.0,1/23,50.0,11.11,27.0,0.0,0.0,2024-01-01,2024-12-31
RCB,MJ Dagar,2024-2024,5,5.0,11.5,0.0,120.0,1.0,1/23,120.0,10.14,71.0,0.0,0.0,2024-01-01,2024-12-31
RCB,AS Joseph,2024-2024,3,3.0,9.4,0.0,115.0,1.0,1/43,115.0,11.89,58.0,0.0,0.0,2024-01-01,2024-12-31
RCB,Rasikh Salam,2025-2025,1,1.0,3.0,0.0,35.0,1.0,1/35,35.0,11.66,18.0,0.0,0.0,2025-01-01,2025-12-31
RCB,KW Richardson,2021-2021,1,1.0,3.0,0.0,29.0,1.0,1/29,29.0,9.66,18.0,0.0,0.0,2021-01-01,2021-12-31
RCB,DR Sams,2021-2021,2,2.0,6.0,0.0,39.0,1.0,1/24,39.0,6.5,36.0,0.0,0.0,2021-01-01,2021-12-31
RCB,Suyash Sharma,2025-2025,1,1.0,4.0,0.0,47.0,1.0,1/47,47.0,11.75,24.0,0.0,0.0,2025-01-01,2025-12-31
RCB,S Kaul,2022-2022,1,1.0,4.0,0.0,43.0,0.0,,,10.75,,0.0,0.0,2022-01-01,2022-12-31
RCB,LS Livingstone,2025-2025,1,1.0,2.0,0.0,14.0,0.0,,,7.0,,0.0,0.0,2025-01-01,2025-12-31
RCB,MK Lomror,2022-2024,29,5.0,5.0,0.0,53.0,0.0,,,10.6,,0.0,0.0,2022-01-01,2024-12-31
RCB,NA Saini,2021-2021,2,2.0,4.0,0.0,52.0,0.0,,,13.0,,0.0,0.0,2021-01-01,2021-12-31
RCB,H Sharma,2023-2024,2,2.0,5.0,0.0,57.0,0.0,,,11.4,,0.0,0.0,2023-01-01,2024-12-31
RCB,Anuj Rawat,2022-2024,22,,,,,,,,,,,,2022-01-01,2024-12-31
RCB,KS Bharat,2021-2021,8,,,,,,,,,,,,2021-01-01,2021-12-31
RCB,SD Chauhan,2024-2024,3,,,,,,,,,,,,2024-01-01,2024-12-31
RCB,TH David,2021-2025,2,,,,,,,,,,,,2021-01-01,2025-12-31
RCB,AB de Villiers,2021-2021,15,,,,,,,,,,,,2021-01-01,2021-12-31
RCB,F du Plessis,2022-2024,45,,,,,,,,,,,,2022-01-01,2024-12-31
RCB,KM Jadhav,2023-2023,2,,,,,,,,,,,,2023-01-01,2023-12-31
RCB,KD Karthik,2022-2024,44,,,,,,,,,,,,2022-01-01,2024-12-31
RCB,V Kohli,2021-2025,61,,,,,,,,,,,,2021-01-01,2025-12-31
RCB,D Padikkal,2021-2025,15,,,,,,,,,,,,2021-01-01,2025-12-31
RCB,RM Patidar,2021-2025,28,,,,,,,,,,,,2021-01-01,2025-12-31
RCB,SS Prabhudessai,2022-2024,11,,,,,,,,,,,,2022-01-01,2024-12-31
RCB,SE Rutherford,2022-2022,3,,,,,,,,,,,,2022-01-01,2022-12-31
RCB,Sachin Baby,2021-2021,1,,,,,,,,,,,,2021-01-01,2021-12-31
RCB,PD Salt,2025-2025,1,,,,,,,,,,,,2025-01-01,2025-12-31
RCB,JM Sharma,2025-2025,1,,,,,,,,,,,,2025-01-01,2025-12-31
SRH,T Natarajan,2021-2024,39,39.0,147.2,1.0,1350.0,49.0,4/19,27.55,9.16,18.0,1.0,0.0,2021-01-01,2024-12-31
SRH,B Kumar,2021-2024,55,55.0,202.1,6.0,1676.0,45.0,5/30,37.24,8.29,26.9,0.0,1.0,2021-01-01,2024-12-31
SRH,Umran Malik,2021-2024,26,26.0,82.1,1.0,772.0,29.0,5/25,26.62,9.39,17.0,1.0,1.0,2021-01-01,2024-12-31
SRH,M Markande,2023-2024,17,17.0,60.0,0.0,559.0,20.0,4/15,27.95,9.31,18.0,1.0,0.0,2023-01-01,2024-12-31
SRH,PJ Cummins,2024-2025,17,17.0,65.0,1.0,626.0,18.0,3/43,34.77,9.63,21.6,0.0,0.0,2024-01-01,2025-12-31
SRH,M Jansen,2022-2024,19,19.0,69.0,1.0,670.0,18.0,3/25,37.22,9.71,23.0,0.0,0.0,2022-01-01,2024-12-31
SRH,Rashid Khan,2021-2021,14,14.0,56.0,0.0,375.0,18.0,3/36,20.83,6.69,18.6,0.0,0.0,2021-01-01,2021-12-31
SRH,JO Holder,2021-2021,8,8.0,31.5,0.0,247.0,16.0,4/52,15.43,7.75,11.9,1.0,0.0,2021-01-01,2021-12-31
SRH,Washington Sundar,2022-2024,18,17.0,50.4,0.0,458.0,10.0,3/28,45.8,9.03,30.4,0.0,0.0,2022-01-01,2024-12-31
SRH,Abhishek Sharma,2021-2025,50,19.0,35.0,0.0,294.0,8.0,2/4,36.75,8.4,26.2,0.0,0.0,2021-01-01,2025-12-31
SRH,JD Unadkat,2024-2024,11,11.0,31.1,0.0,319.0,8.0,3/30,39.87,10.23,23.3,0.0,0.0,2024-01-01,2024-12-31
SRH,S Kaul,2021-2021,8,8.0,30.0,1.0,247.0,7.0,2/31,35.28,8.23,25.7,0.0,0.0,2021-01-01,2021-12-31
SRH,Shahbaz Ahmed,2024-2024,16,15.0,27.3,0.0,270.0,7.0,3/23,38.57,9.81,23.5,0.0,0.0,2024-01-01,2024-12-31
SRH,J Suchith,2021-2022,7,7.0,25.0,0.0,206.0,7.0,2/12,29.42,8.24,21.4,0.0,0.0,2021-01-01,2022-12-31
SRH,Fazalhaq Farooqi,2022-2023,7,7.0,25.2,0.0,227.0,6.0,2/32,37.83,8.96,25.3,0.0,0.0,2022-01-01,2023-12-31
SRH,KK Ahmed,2021-2021,7,7.0,27.0,0.0,219.0,5.0,3/21,43.8,8.11,32.4,0.0,0.0,2021-01-01,2021-12-31
SRH,K Nitish Kumar Reddy,2023-2025,16,9.0,18.1,0.0,207.0,3.0,2/17,69.0,11.39,36.3,0.0,0.0,2023-01-01,2025-12-31
SRH,Sandeep Sharma,2021-2021,7,7.0,23.3,0.0,203.0,3.0,1/20,67.66,8.63,47.0,0.0,0.0,2021-01-01,2021-12-31
SRH,V Shankar,2021-2021,7,5.0,11.0,0.0,100.0,3.0,2/19,33.33,9.09,22.0,0.0,0.0,2021-01-01,2021-12-31
SRH,R Shepherd,2022-2022,3,3.0,9.0,0.0,98.0,3.0,2/42,32.66,10.88,18.0,0.0,0.0,2022-01-01,2022-12-31
SRH,Kartik Tyagi,2022-2023,5,5.0,14.1,0.0,171.0,2.0,1/30,85.5,12.07,42.5,0.0,0.0,2022-01-01,2023-12-31
SRH,AK Markram,2022-2024,38,12.0,16.1,0.0,149.0,2.0,1/8,74.5,9.21,48.5,0.0,0.0,2022-01-01,2024-12-31
SRH,Mohammad Nabi,2021-2021,3,3.0,8.0,0.0,86.0,2.0,2/32,43.0,10.75,24.0,0.0,0.0,2021-01-01,2021-12-31
SRH,Mujeeb Ur Rahman,2021-2021,1,1.0,4.0,0.0,29.0,2.0,2/29,14.5,7.25,12.0,0.0,0.0,2021-01-01,2021-12-31
SRH,HV Patel,2025-2025,1,1.0,4.0,0.0,34.0,2.0,2/34,17.0,8.5,12.0,0.0,0.0,2025-01-01,2025-12-31
SRH,AU Rashid,2023-2023,2,2.0,7.0,0.0,56.0,2.0,2/23,28.0,8.0,21.0,0.0,0.0,2023-01-01,2023-12-31
SRH,Simarjeet Singh,2025-2025,1,1.0,3.0,0.0,46.0,2.0,2/46,23.0,15.33,9.0,0.0,0.0,2025-01-01,2025-12-31
SRH,SA Abbott,2022-2022,1,1.0,4.0,0.0,47.0,1.0,1/47,47.0,11.75,24.0,0.0,0.0,2022-01-01,2022-12-31
SRH,Abdul Samad,2021-2024,38,2.0,2.0,0.0,17.0,1.0,1/9,17.0,8.5,12.0,0.0,0.0,2021-01-01,2024-12-31
SRH,MJ Dagar,2023-2023,3,3.0,11.0,0.0,83.0,1.0,1/37,83.0,7.54,66.0,0.0,0.0,2023-01-01,2023-12-31
SRH,S Gopal,2022-2022,1,1.0,3.0,0.0,34.0,1.0,1/34,34.0,11.33,18.0,0.0,0.0,2022-01-01,2022-12-31
SRH,AJ Hosein,2023-2023,1,1.0,4.0,0.0,40.0,1.0,1/40,40.0,10.0,24.0,0.0,0.0,2023-01-01,2023-12-31
SRH,Mohammed Shami,2025-2025,1,1.0,3.0,0.0,33.0,1.0,1/33,33.0,11.0,18.0,0.0,0.0,2025-01-01,2025-12-31
SRH,S Nadeem,2021-2021,1,1.0,4.0,0.0,36.0,1.0,1/36,36.0,9.0,24.0,0.0,0.0,2021-01-01,2021-12-31
SRH,GD Phillips,2023-2023,5,2.0,3.0,0.0,20.0,1.0,1/10,20.0,6.66,18.0,0.0,0.0,2023-01-01,2023-12-31
SRH,V Viyaskanth,2024-2024,3,3.0,10.0,0.0,86.0,1.0,1/37,86.0,8.6,60.0,0.0,0.0,2024-01-01,2024-12-31
SRH,A Zampa,2025-2025,1,1.0,4.0,0.0,48.0,1.0,1/48,48.0,12.0,24.0,0.0,0.0,2025-01-01,2025-12-31
SRH,TM Head,2024-2025,16,1.0,1.4,0.0,32.0,0.0,,,19.2,,0.0,0.0,2024-01-01,2025-12-31
SRH,Shashank Singh,2022-2022,10,2.0,2.0,0.0,20.0,0.0,,,10.0,,0.0,0.0,2022-01-01,2022-12-31
SRH,Vivrant Sharma,2023-2023,3,2.0,3.0,0.0,37.0,0.0,,,12.33,,0.0,0.0,2023-01-01,2023-12-31
SRH,MA Agarwal,2023-2024,14,,,,,,,,,,,,2023-01-01,2024-12-31
SRH,Anmolpreet Singh,2023-2024,6,,,,,,,,,,,,2023-01-01,2024-12-31
SRH,JM Bairstow,2021-2021,7,,,,,,,,,,,,2021-01-01,2021-12-31
SRH,HC Brook,2023-2023,11,,,,,,,,,,,,2023-01-01,2023-12-31
SRH,PK Garg,2021-2022,7,,,,,,,,,,,,2021-01-01,2022-12-31
SRH,Ishan Kishan,2025-2025,1,,,,,,,,,,,,2025-01-01,2025-12-31
SRH,KM Jadhav,2021-2021,6,,,,,,,,,,,,2021-01-01,2021-12-31
SRH,H Klaasen,2023-2025,29,,,,,,,,,,,,2023-01-01,2025-12-31
SRH,A Manohar,2025-2025,1,,,,,,,,,,,,2025-01-01,2025-12-31
SRH,MK Pandey,2021-2021,8,,,,,,,,,,,,2021-01-01,2021-12-31
SRH,N Pooran,2022-2022,14,,,,,,,,,,,,2022-01-01,2022-12-31
SRH,JJ Roy,2021-2021,5,,,,,,,,,,,,2021-01-01,2021-12-31
SRH,WP Saha,2021-2021,9,,,,,,,,,,,,2021-01-01,2021-12-31
SRH,Sanvir Singh,2023-2024,6,,,,,,,,,,,,2023-01-01,2024-12-31
SRH,RA Tripathi,2022-2024,33,,,,,,,,,,,,2022-01-01,2024-12-31
SRH,AU Verma,2025-2025,1,,,,,,,,,,,,2025-01-01,2025-12-31
SRH,Virat Singh,2021-2021,3,,,,,,,,,,,,2021-01-01,2021-12-31
SRH,DA Warner,2021-2021,8,,,,,,,,,,,,2021-01-01,2021-12-31
SRH,KS Williamson,2021-2022,23,,,,,,,,,,,,2021-01-01,2022-12-31
RR,YS Chahal,2022-2024,46,46.0,178.5,0.0,1505.0,66.0,5/40,22.8,8.41,16.2,4.0,1.0,2022-01-01,2024-12-31
RR,TA Boult,2022-2024,42,41.0,153.2,6.0,1247.0,45.0,3/22,27.71,8.13,20.4,0.0,0.0,2022-01-01,2024-12-31
RR,R Ashwin,2022-2024,45,44.0,171.0,0.0,1338.0,35.0,3/17,38.22,7.82,29.3,0.0,0.0,2022-01-01,2024-12-31
RR,Sandeep Sharma,2023-2025,24,23.0,88.0,0.0,758.0,24.0,5/18,31.58,8.61,22.0,0.0,1.0,2023-01-01,2025-12-31
RR,Avesh Khan,2024-2024,16,15.0,54.5,0.0,526.0,19.0,3/27,27.68,9.59,17.3,0.0,0.0,2024-01-01,2024-12-31
RR,M Prasidh Krishna,2022-2022,17,17.0,66.3,3.0,551.0,19.0,3/22,29.0,8.28,21.0,0.0,0.0,2022-01-01,2022-12-31
RR,CH Morris,2021-2021,11,11.0,41.0,0.0,376.0,15.0,4/23,25.06,9.17,16.4,1.0,0.0,2021-01-01,2021-12-31
RR,Mustafizur Rahman,2021-2021,14,14.0,51.5,0.0,436.0,14.0,3/20,31.14,8.41,22.2,0.0,0.0,2021-01-01,2021-12-31
RR,C Sakariya,2021-2021,14,14.0,52.0,1.0,426.0,14.0,3/31,30.42,8.19,22.2,0.0,0.0,2021-01-01,2021-12-31
RR,KR Sen,2022-2024,12,12.0,40.1,0.0,387.0,14.0,4/20,27.64,9.63,17.2,1.0,0.0,2022-01-01,2024-12-31
RR,OC McCoy,2022-2023,8,8.0,26.5,0.0,250.0,11.0,3/23,22.72,9.31,14.6,0.0,0.0,2022-01-01,2023-12-31
RR,R Tewatia,2021-2021,14,13.0,37.0,0.0,340.0,8.0,3/39,42.5,9.18,27.7,0.0,0.0,2021-01-01,2021-12-31
RR,A Zampa,2023-2023,6,6.0,22.0,0.0,188.0,8.0,3/22,23.5,8.54,16.5,0.0,0.0,2023-01-01,2023-12-31
RR,N Burger,2024-2024,6,5.0,17.0,0.0,145.0,7.0,2/29,20.71,8.52,14.5,0.0,0.0,2024-01-01,2024-12-31
RR,NA Saini,2022-2023,4,4.0,12.0,0.0,146.0,6.0,3/40,24.33,12.16,12.0,0.0,0.0,2022-01-01,2023-12-31
RR,JO Holder,2023-2023,8,8.0,28.3,0.0,284.0,4.0,2/29,71.0,9.96,42.7,0.0,0.0,2023-01-01,2023-12-31
RR,Kartik Tyagi,2021-2021,4,4.0,14.0,0.0,124.0,4.0,2/29,31.0,8.85,21.0,0.0,0.0,2021-01-01,2021-12-31
RR,JD Unadkat,2021-2021,6,6.0,22.0,0.0,168.0,4.0,3/15,42.0,7.63,33.0,0.0,0.0,2021-01-01,2021-12-31
RR,KM Asif,2023-2023,4,4.0,14.0,0.0,138.0,3.0,2/42,46.0,9.85,28.0,0.0,0.0,2023-01-01,2023-12-31
RR,TU Deshpande,2025-2025,1,1.0,4.0,0.0,44.0,3.0,3/44,14.66,11.0,8.0,0.0,0.0,2025-01-01,2025-12-31
RR,KA Maharaj,2024-2024,2,2.0,6.0,0.0,39.0,2.0,2/23,19.5,6.5,18.0,0.0,0.0,2024-01-01,2024-12-31
RR,R Parag,2021-2025,52,12.0,13.1,0.0,159.0,2.0,1/7,79.5,12.07,39.5,0.0,0.0,2021-01-01,2025-12-31
RR,M Theekshana,2025-2025,1,1.0,4.0,0.0,52.0,2.0,2/52,26.0,13.0,12.0,0.0,0.0,2025-01-01,2025-12-31
RR,K Yadav,2021-2023,3,3.0,9.0,0.0,84.0,2.0,1/18,42.0,9.33,27.0,0.0,0.0,2021-01-01,2023-12-31
RR,MK Lomror,2021-2021,4,4.0,7.0,0.0,47.0,1.0,1/22,47.0,6.71,42.0,0.0,0.0,2021-01-01,2021-12-31
RR,GD Phillips,2021-2021,3,2.0,2.0,0.0,20.0,1.0,1/17,20.0,10.0,12.0,0.0,0.0,2021-01-01,2021-12-31
RR,Akash Singh,2021-2021,1,1.0,4.0,0.0,39.0,0.0,,,9.75,,0.0,0.0,2021-01-01,2021-12-31
RR,JC Archer,2025-2025,1,1.0,4.0,0.0,76.0,0.0,,,19.0,,0.0,0.0,2025-01-01,2025-12-31
RR,M Ashwin,2023-2023,2,2.0,4.0,0.0,53.0,0.0,,,13.25,,0.0,0.0,2023-01-01,2023-12-31
RR,NM Coulter-Nile,2022-2022,1,1.0,3.0,0.0,48.0,0.0,,,16.0,,0.0,0.0,2022-01-01,2022-12-31
RR,S Dube,2021-2021,9,4.0,5.0,0.0,49.0,0.0,,,9.8,,0.0,0.0,2021-01-01,2021-12-31
RR,Fazalhaq Farooqi,2025-2025,1,1.0,3.0,0.0,49.0,0.0,,,16.33,,0.0,0.0,2025-01-01,2025-12-31
RR,S Gopal,2021-2021,3,3.0,7.0,0.0,84.0,0.0,,,12.0,,0.0,0.0,2021-01-01,2021-12-31
RR,YBK Jaiswal,2021-2025,51,1.0,0.1,0.0,6.0,0.0,,,36.0,,0.0,0.0,2021-01-01,2025-12-31
RR,M Markande,2021-2021,1,1.0,3.0,0.0,26.0,0.0,,,8.66,,0.0,0.0,2021-01-01,2021-12-31
RR,DJ Mitchell,2022-2022,2,2.0,2.0,0.0,27.0,0.0,,,13.5,,0.0,0.0,2022-01-01,2022-12-31
RR,JDS Neesham,2022-2022,2,1.0,3.0,0.0,29.0,0.0,,,9.66,,0.0,0.0,2022-01-01,2022-12-31
RR,N Rana,2025-2025,1,1.0,1.0,0.0,9.0,0.0,,,9.0,,0.0,0.0,2025-01-01,2025-12-31
RR,JE Root,2023-2023,3,1.0,2.0,0.0,14.0,0.0,,,7.0,,0.0,0.0,2023-01-01,2023-12-31
RR,T Shamsi,2021-2021,1,1.0,4.0,0.0,34.0,0.0,,,8.5,,0.0,0.0,2021-01-01,2021-12-31
RR,BA Stokes,2021-2021,1,1.0,1.0,0.0,12.0,0.0,,,12.0,,0.0,0.0,2021-01-01,2021-12-31
RR,Abdul Basith,2023-2023,1,,,,,,,,,,,,2023-01-01,2023-12-31
RR,Anuj Rawat,2021-2021,2,,,,,,,,,,,,2021-01-01,2021-12-31
RR,JC Buttler,2021-2024,49,,,,,,,,,,,,2021-01-01,2024-12-31
RR,SB Dubey,2024-2025,5,,,,,,,,,,,,2024-01-01,2025-12-31
RR,D Ferreira,2024-2024,2,,,,,,,,,,,,2024-01-01,2024-12-31
RR,SO Hetmyer,2022-2025,42,,,,,,,,,,,,2022-01-01,2025-12-31
RR,DC Jurel,2023-2025,29,,,,,,,,,,,,2023-01-01,2025-12-31
RR,T Kohler-Cadmore,2024-2024,4,,,,,,,,,,,,2024-01-01,2024-12-31
RR,TK Kotian,2024-2024,1,,,,,,,,,,,,2024-01-01,2024-12-31
RR,E Lewis,2021-2021,5,,,,,,,,,,,,2021-01-01,2021-12-31
RR,LS Livingstone,2021-2021,5,,,,,,,,,,,,2021-01-01,2021-12-31
RR,DA Miller,2021-2021,9,,,,,,,,,,,,2021-01-01,2021-12-31
RR,KK Nair,2022-2022,3,,,,,,,,,,,,2022-01-01,2022-12-31
RR,D Padikkal,2022-2023,28,,,,,,,,,,,,2022-01-01,2023-12-31
RR,R Powell,2024-2024,10,,,,,,,,,,,,2024-01-01,2024-12-31
RR,SV Samson,2021-2025,62,,,,,,,,,,,,2021-01-01,2025-12-31
RR,HE van der Dussen,2022-2022,3,,,,,,,,,,,,2022-01-01,2022-12-31
RR,M Vohra,2021-2021,4,,,,,,,,,,,,2021-01-01,2021-12-31
PBKS,Arshdeep Singh,2021-2025,55,54.0,192.3,0.0,1725.0,64.0,5/32,26.95,8.96,18.0,2.0,1.0,2021-01-01,2025-12-31
PBKS,K Rabada,2022-2024,30,30.0,113.0,0.0,1010.0,41.0,4/33,24.63,8.93,16.5,2.0,0.0,2022-01-01,2024-12-31
PBKS,RD Chahar,2022-2024,36,36.0,127.2,1.0,1024.0,32.0,3/23,32.0,8.04,23.8,0.0,0.0,2022-01-01,2024-12-31
PBKS,SM Curran,2023-2024,27,27.0,88.5,0.0,905.0,26.0,3/28,34.8,10.18,20.5,0.0,0.0,2023-01-01,2024-12-31
PBKS,Harpreet Brar,2021-2024,38,36.0,104.1,1.0,806.0,25.0,4/30,32.24,7.73,25.0,1.0,0.0,2021-01-01,2024-12-31
PBKS,HV Patel,2024-2024,14,14.0,49.0,0.0,477.0,24.0,3/15,19.87,9.73,12.2,0.0,0.0,2024-01-01,2024-12-31
PBKS,Mohammed Shami,2021-2021,14,14.0,52.4,1.0,395.0,19.0,3/21,20.78,7.5,16.6,0.0,0.0,2021-01-01,2021-12-31
PBKS,NT Ellis,2021-2024,16,16.0,59.0,0.0,508.0,18.0,4/30,28.22,8.61,19.6,1.0,0.0,2021-01-01,2024-12-31
PBKS,Ravi Bishnoi,2021-2021,9,9.0,36.0,0.0,230.0,12.0,3/24,19.16,6.38,18.0,0.0,0.0,2021-01-01,2021-12-31
PBKS,LS Livingstone,2022-2024,30,21.0,42.0,0.0,380.0,11.0,3/27,34.54,9.04,22.9,0.0,0.0,2022-01-01,2024-12-31
PBKS,R Dhawan,2022-2024,13,11.0,29.0,0.0,251.0,7.0,2/36,35.85,8.65,24.8,0.0,0.0,2022-01-01,2024-12-31
PBKS,OF Smith,2022-2022,6,6.0,15.0,0.0,178.0,6.0,4/30,29.66,11.86,15.0,1.0,0.0,2022-01-01,2022-12-31
PBKS,MC Henriques,2021-2021,5,5.0,10.0,0.0,45.0,4.0,3/12,11.25,4.5,15.0,0.0,0.0,2021-01-01,2021-12-31
PBKS,CJ Jordan,2021-2021,4,4.0,12.0,0.0,96.0,4.0,2/20,24.0,8.0,18.0,0.0,0.0,2021-01-01,2021-12-31
PBKS,RP Meredith,2021-2021,5,5.0,17.0,0.0,169.0,4.0,1/29,42.25,9.94,25.5,0.0,0.0,2021-01-01,2021-12-31
PBKS,VG Arora,2022-2022,5,5.0,17.5,0.0,164.0,3.0,2/21,54.66,9.19,35.6,0.0,0.0,2022-01-01,2022-12-31
PBKS,JA Richardson,2021-2021,3,3.0,11.0,0.0,117.0,3.0,2/41,39.0,10.63,22.0,0.0,0.0,2021-01-01,2021-12-31
PBKS,Sikandar Raza,2023-2024,9,7.0,14.0,0.0,141.0,3.0,1/19,47.0,10.07,28.0,0.0,0.0,2023-01-01,2024-12-31
PBKS,DJ Hooda,2021-2021,12,7.0,16.0,0.0,136.0,2.0,1/15,68.0,8.5,48.0,0.0,0.0,2021-01-01,2021-12-31
PBKS,V Kaverappa,2024-2024,1,1.0,4.0,0.0,36.0,2.0,2/36,18.0,9.0,12.0,0.0,0.0,2024-01-01,2024-12-31
PBKS,Sandeep Sharma,2022-2022,5,5.0,20.0,0.0,153.0,2.0,1/18,76.5,7.65,60.0,0.0,0.0,2022-01-01,2022-12-31
PBKS,FA Allen,2021-2021,4,3.0,11.0,1.0,90.0,1.0,1/22,90.0,8.18,66.0,0.0,0.0,2021-01-01,2021-12-31
PBKS,M Ashwin,2021-2021,3,3.0,11.0,0.0,97.0,1.0,1/32,97.0,8.81,66.0,0.0,0.0,2021-01-01,2021-12-31
PBKS,IC Porel,2021-2021,1,1.0,4.0,0.0,39.0,1.0,1/39,39.0,9.75,24.0,0.0,0.0,2021-01-01,2021-12-31
PBKS,Shashank Singh,2024-2025,15,1.0,1.0,0.0,5.0,1.0,1/5,5.0,5.0,6.0,0.0,0.0,2024-01-01,2025-12-31
PBKS,Gurnoor Brar,2023-2023,1,1.0,3.0,0.0,42.0,0.0,,,14.0,,0.0,0.0,2023-01-01,2023-12-31
PBKS,AK Markram,2021-2021,6,2.0,4.0,0.0,23.0,0.0,,,5.75,,0.0,0.0,2021-01-01,2021-12-31
PBKS,Mohit Rathee,2023-2023,1,1.0,2.0,0.0,29.0,0.0,,,14.5,,0.0,0.0,2023-01-01,2023-12-31
PBKS,AU Rashid,2021-2021,1,1.0,3.0,0.0,35.0,0.0,,,11.66,,0.0,0.0,2021-01-01,2021-12-31
PBKS,Jalaj S Saxena,2021-2021,1,1.0,3.0,0.0,27.0,0.0,,,9.0,,0.0,0.0,2021-01-01,2021-12-31
PBKS,MW Short,2023-2023,6,3.0,4.0,0.0,25.0,0.0,,,6.25,,0.0,0.0,2023-01-01,2023-12-31
PBKS,A Taide,2023-2024,9,1.0,0.1,0.0,4.0,0.0,,,24.0,,0.0,0.0,2023-01-01,2024-12-31
PBKS,MA Agarwal,2021-2022,25,,,,,,,,,,,,2021-01-01,2022-12-31
PBKS,P Arya,2025-2025,1,,,,,,,,,,,,2025-01-01,2025-12-31
PBKS,Azmatullah Omarzai,2025-2025,1,,,,,,,,,,,,2025-01-01,2025-12-31
PBKS,JM Bairstow,2022-2024,22,,,,,,,,,,,,2022-01-01,2024-12-31
PBKS,RA Bawa,2022-2022,2,,,,,,,,,,,,2022-01-01,2022-12-31
PBKS,YS Chahal,2025-2025,1,,,,,,,,,,,,2025-01-01,2025-12-31
PBKS,S Dhawan,2022-2024,30,,,,,,,,,,,,2022-01-01,2024-12-31
PBKS,CH Gayle,2021-2021,10,,,,,,,,,,,,2021-01-01,2021-12-31
PBKS,Harpreet Singh,2023-2024,5,,,,,,,,,,,,2023-01-01,2024-12-31
PBKS,SS Iyer,2025-2025,1,,,,,,,,,,,,2025-01-01,2025-12-31
PBKS,M Jansen,2025-2025,1,,,,,,,,,,,,2025-01-01,2025-12-31
PBKS,SN Khan,2021-2021,2,,,,,,,,,,,,2021-01-01,2021-12-31
PBKS,DJ Malan,2021-2021,1,,,,,,,,,,,,2021-01-01,2021-12-31
PBKS,Mandeep Singh,2021-2021,1,,,,,,,,,,,,2021-01-01,2021-12-31
PBKS,PN Mankad,2022-2022,1,,,,,,,,,,,,2022-01-01,2022-12-31
PBKS,GJ Maxwell,2025-2025,1,,,,,,,,,,,,2025-01-01,2025-12-31
PBKS,N Pooran,2021-2021,12,,,,,,,,,,,,2021-01-01,2021-12-31
PBKS,Prabhsimran Singh,2021-2025,32,,,,,,,,,,,,2021-01-01,2025-12-31
PBKS,KL Rahul,2021-2021,13,,,,,,,,,,,,2021-01-01,2021-12-31
PBKS,PBB Rajapaksa,2022-2023,13,,,,,,,,,,,,2022-01-01,2023-12-31
PBKS,RR Rossouw,2024-2024,8,,,,,,,,,,,,2024-01-01,2024-12-31
PBKS,M Shahrukh Khan,2021-2023,33,,,,,,,,,,,,2021-01-01,2023-12-31
PBKS,AR Sharma,2024-2024,11,,,,,,,,,,,,2024-01-01,2024-12-31
PBKS,JM Sharma,2022-2024,40,,,,,,,,,,,,2022-01-01,2024-12-31
PBKS,Shivam Singh,2024-2024,1,,,,,,,,,,,,2024-01-01,2024-12-31
PBKS,MP Stoinis,2025-2025,1,,,,,,,,,,,,2025-01-01,2025-12-31
PBKS,Suryansh Shedge,2025-2025,1,,,,,,,,,,,,2025-01-01,2025-12-31
DC,Kuldeep Yadav,2022-2025,40,40.0,145.4,1.0,1172.0,49.0,4/14,23.91,8.04,17.8,3.0,0.0,2022-01-01,2025-12-31
DC,AR Patel,2021-2025,54,53.0,183.0,0.0,1320.0,43.0,3/21,30.69,7.21,25.5,0.0,0.0,2021-01-01,2025-12-31
DC,KK Ahmed,2022-2024,33,33.0,122.1,4.0,1095.0,42.0,3/25,26.07,8.96,17.4,0.0,0.0,2022-01-01,2024-12-31
DC,A Nortje,2021-2024,30,30.0,114.4,1.0,1062.0,38.0,3/42,27.94,9.26,18.1,0.0,0.0,2021-01-01,2024-12-31
DC,Mukesh Kumar,2023-2025,21,21.0,68.3,0.0,716.0,25.0,3/14,28.64,10.45,16.4,0.0,0.0,2023-01-01,2025-12-31
DC,Avesh Khan,2021-2021,16,16.0,61.0,0.0,450.0,24.0,3/13,18.75,7.37,15.2,0.0,0.0,2021-01-01,2021-12-31
DC,I Sharma,2021-2024,20,20.0,64.0,2.0,568.0,21.0,3/34,27.04,8.87,18.2,0.0,0.0,2021-01-01,2024-12-31
DC,MR Marsh,2022-2024,21,15.0,40.1,1.0,375.0,17.0,4/27,22.05,9.33,14.1,1.0,0.0,2022-01-01,2024-12-31
DC,K Rabada,2021-2021,15,15.0,56.0,1.0,456.0,15.0,3/36,30.4,8.14,22.4,0.0,0.0,2021-01-01,2021-12-31
DC,SN Thakur,2022-2022,14,14.0,48.2,1.0,473.0,15.0,4/36,31.53,9.78,19.3,1.0,0.0,2022-01-01,2022-12-31
DC,Lalit Yadav,2021-2024,27,19.0,48.0,0.0,425.0,10.0,2/11,42.5,8.85,28.8,0.0,0.0,2021-01-01,2024-12-31
DC,Mustafizur Rahman,2022-2023,10,10.0,39.0,0.0,323.0,9.0,3/18,35.88,8.28,26.0,0.0,0.0,2022-01-01,2023-12-31
DC,Rasikh Salam,2024-2024,8,8.0,24.3,0.0,269.0,9.0,3/34,29.88,10.97,16.3,0.0,0.0,2024-01-01,2024-12-31
DC,R Ashwin,2021-2021,13,13.0,44.4,0.0,331.0,7.0,2/27,47.28,7.41,38.2,0.0,0.0,2021-01-01,2021-12-31
DC,A Mishra,2021-2021,4,4.0,14.0,0.0,109.0,6.0,4/24,18.16,7.78,14.0,1.0,0.0,2021-01-01,2021-12-31
DC,C Sakariya,2022-2023,5,5.0,19.0,0.0,173.0,6.0,2/23,28.83,9.1,19.0,0.0,0.0,2022-01-01,2023-12-31
DC,CR Woakes,2021-2021,3,3.0,11.0,0.0,82.0,5.0,2/18,16.4,7.45,13.2,0.0,0.0,2021-01-01,2021-12-31
DC,TK Curran,2021-2021,3,3.0,11.2,0.0,104.0,4.0,3/29,26.0,9.17,17.0,0.0,0.0,2021-01-01,2021-12-31
DC,MA Starc,2025-2025,1,1.0,4.0,0.0,42.0,3.0,3/42,14.0,10.5,8.0,0.0,0.0,2025-01-01,2025-12-31
DC,T Stubbs,2024-2025,15,3.0,3.0,0.0,43.0,3.0,2/11,14.33,14.33,6.0,0.0,0.0,2024-01-01,2025-12-31
DC,MP Stoinis,2021-2021,10,8.0,11.1,0.0,117.0,2.0,1/7,58.5,10.47,33.5,0.0,0.0,2021-01-01,2021-12-31
DC,P Dubey,2023-2023,1,1.0,3.0,0.0,19.0,1.0,1/19,19.0,6.33,18.0,0.0,0.0,2023-01-01,2023-12-31
DC,LI Meriwala,2021-2021,1,1.0,3.0,0.0,32.0,1.0,1/32,32.0,10.66,18.0,0.0,0.0,2021-01-01,2021-12-31
DC,V Nigam,2025-2025,1,1.0,2.0,0.0,35.0,1.0,1/35,35.0,17.5,12.0,0.0,0.0,2025-01-01,2025-12-31
DC,R Powell,2022-2023,17,2.0,3.0,0.0,35.0,1.0,1/18,35.0,11.66,18.0,0.0,0.0,2022-01-01,2023-12-31
DC,LB Williams,2024-2024,2,2.0,6.0,0.0,72.0,1.0,1/38,72.0,12.0,36.0,0.0,0.0,2024-01-01,2024-12-31
DC,Gulbadin Naib,2024-2024,2,1.0,1.0,0.0,12.0,0.0,,,12.0,,0.0,0.0,2024-01-01,2024-12-31
DC,KL Nagarkoti,2022-2022,1,1.0,2.0,0.0,29.0,0.0,,,14.5,,0.0,0.0,2022-01-01,2022-12-31
DC,RV Patel,2021-2023,9,1.0,3.0,0.0,22.0,0.0,,,7.33,,0.0,0.0,2021-01-01,2023-12-31
DC,JA Richardson,2024-2024,1,1.0,4.0,0.0,40.0,0.0,,,10.0,,0.0,0.0,2024-01-01,2024-12-31
DC,MM Sharma,2025-2025,1,1.0,4.0,0.0,42.0,0.0,,,10.5,,0.0,0.0,2025-01-01,2025-12-31
DC,Sumit Kumar,2024-2024,4,2.0,3.2,0.0,38.0,0.0,,,11.4,,0.0,0.0,2024-01-01,2024-12-31
DC,Abishek Porel,2023-2025,19,,,,,,,,,,,,2023-01-01,2025-12-31
DC,Aman Hakim Khan,2023-2023,11,,,,,,,,,,,,2023-01-01,2023-12-31
DC,KS Bharat,2022-2022,2,,,,,,,,,,,,2022-01-01,2022-12-31
DC,RK Bhui,2024-2024,2,,,,,,,,,,,,2024-01-01,2024-12-31
DC,S Dhawan,2021-2021,16,,,,,,,,,,,,2021-01-01,2021-12-31
DC,YV Dhull,2023-2023,4,,,,,,,,,,,,2023-01-01,2023-12-31
DC,F du Plessis,2025-2025,1,,,,,,,,,,,,2025-01-01,2025-12-31
DC,J Fraser-McGurk,2024-2025,10,,,,,,,,,,,,2024-01-01,2025-12-31
DC,PK Garg,2023-2023,2,,,,,,,,,,,,2023-01-01,2023-12-31
DC,SO Hetmyer,2021-2021,14,,,,,,,,,,,,2021-01-01,2021-12-31
DC,SD Hope,2024-2024,9,,,,,,,,,,,,2024-01-01,2024-12-31
DC,SS Iyer,2021-2021,8,,,,,,,,,,,,2021-01-01,2021-12-31
DC,SN Khan,2022-2023,10,,,,,,,,,,,,2022-01-01,2023-12-31
DC,K Kushagra,2024-2024,4,,,,,,,,,,,,2024-01-01,2024-12-31
DC,Mandeep Singh,2022-2022,3,,,,,,,,,,,,2022-01-01,2022-12-31
DC,MK Pandey,2023-2023,10,,,,,,,,,,,,2023-01-01,2023-12-31
DC,RR Pant,2021-2024,43,,,,,,,,,,,,2021-01-01,2024-12-31
DC,AM Rahane,2021-2021,2,,,,,,,,,,,,2021-01-01,2021-12-31
DC,RR Rossouw,2023-2023,9,,,,,,,,,,,,2023-01-01,2023-12-31
DC,PD Salt,2023-2023,9,,,,,,,,,,,,2023-01-01,2023-12-31
DC,Sameer Rizvi,2025-2025,1,,,,,,,,,,,,2025-01-01,2025-12-31
DC,TL Seifert,2022-2022,2,,,,,,,,,,,,2022-01-01,2022-12-31
DC,AR Sharma,2025-2025,1,,,,,,,,,,,,2025-01-01,2025-12-31
DC,PP Shaw,2021-2024,41,,,,,,,,,,,,2021-01-01,2024-12-31
DC,SPD Smith,2021-2021,8,,,,,,,,,,,,2021-01-01,2021-12-31
DC,DA Warner,2022-2024,34,,,,,,,,,,,,2022-01-01,2024-12-31
GT,Rashid Khan,2022-2025,46,46.0,176.3,0.0,1355.0,57.0,4/24,23.77,7.67,18.5,2.0,0.0,2022-01-01,2025-12-31
GT,Mohammed Shami,2022-2023,33,33.0,126.0,2.0,1010.0,48.0,4/11,21.04,8.01,15.7,2.0,0.0,2022-01-01,2023-12-31
GT,MM Sharma,2023-2024,26,25.0,83.1,0.0,786.0,40.0,5/10,19.65,9.45,12.4,2.0,1.0,2023-01-01,2024-12-31
GT,Noor Ahmad,2023-2024,23,23.0,82.0,0.0,659.0,24.0,3/37,27.45,8.03,20.5,0.0,0.0,2023-01-01,2024-12-31
GT,R Sai Kishore,2022-2025,11,11.0,33.0,0.0,261.0,15.0,4/33,17.4,7.9,13.2,1.0,0.0,2022-01-01,2025-12-31
GT,AS Joseph,2022-2023,16,16.0,54.0,0.0,489.0,14.0,2/27,34.92,9.05,23.1,0.0,0.0,2022-01-01,2023-12-31
GT,Yash Dayal,2022-2023,14,14.0,46.0,0.0,461.0,13.0,3/40,35.46,10.02,21.2,0.0,0.0,2022-01-01,2023-12-31
GT,LH Ferguson,2022-2022,13,13.0,47.4,0.0,427.0,12.0,4/28,35.58,8.95,23.8,1.0,0.0,2022-01-01,2022-12-31
GT,JB Little,2023-2024,11,11.0,38.0,0.0,339.0,11.0,4/45,30.81,8.92,20.7,1.0,0.0,2023-01-01,2024-12-31
GT,HH Pandya,2022-2023,31,21.0,55.3,0.0,450.0,11.0,3/17,40.9,8.1,30.2,0.0,0.0,2022-01-01,2023-12-31
GT,UT Yadav,2024-2024,7,7.0,21.0,0.0,210.0,8.0,2/22,26.25,10.0,15.7,0.0,0.0,2024-01-01,2024-12-31
GT,DG Nalkande,2022-2024,6,6.0,14.0,0.0,148.0,6.0,2/21,24.66,10.57,14.0,0.0,0.0,2022-01-01,2024-12-31
GT,S Sandeep Warrier,2024-2024,5,5.0,11.0,0.0,119.0,6.0,3/15,19.83,10.81,11.0,0.0,0.0,2024-01-01,2024-12-31
GT,Azmatullah Omarzai,2024-2024,7,7.0,21.0,0.0,186.0,4.0,2/27,46.5,8.85,31.5,0.0,0.0,2024-01-01,2024-12-31
GT,SH Johnson,2024-2024,5,5.0,16.0,0.0,151.0,4.0,2/25,37.75,9.43,24.0,0.0,0.0,2024-01-01,2024-12-31
GT,PJ Sangwan,2022-2022,3,3.0,9.0,0.0,65.0,3.0,2/19,21.66,7.22,18.0,0.0,0.0,2022-01-01,2022-12-31
GT,VR Aaron,2022-2022,2,2.0,5.0,0.0,52.0,2.0,2/45,26.0,10.4,15.0,0.0,0.0,2022-01-01,2022-12-31
GT,K Rabada,2025-2025,1,1.0,3.0,0.0,31.0,1.0,1/31,31.0,10.33,18.0,0.0,0.0,2025-01-01,2025-12-31
GT,Arshad Khan,2025-2025,1,1.0,1.0,0.0,21.0,0.0,,,21.0,,0.0,0.0,2025-01-01,2025-12-31
GT,Kartik Tyagi,2024-2024,1,1.0,4.0,0.0,51.0,0.0,,,12.75,,0.0,0.0,2024-01-01,2024-12-31
GT,Mohammed Siraj,2025-2025,1,1.0,2.0,0.0,14.0,0.0,,,7.0,,0.0,0.0,2025-01-01,2025-12-31
GT,M Prasidh Krishna,2025-2025,1,1.0,2.0,0.0,17.0,0.0,,,8.5,,0.0,0.0,2025-01-01,2025-12-31
GT,M Shahrukh Khan,2024-2025,8,2.0,2.0,0.0,15.0,0.0,,,7.5,,0.0,0.0,2024-01-01,2025-12-31
GT,V Shankar,2022-2024,25,2.0,1.3,0.0,15.0,0.0,,,10.0,,0.0,0.0,2022-01-01,2024-12-31
GT,MJ Suthar,2024-2024,1,1.0,2.0,0.0,26.0,0.0,,,13.0,,0.0,0.0,2024-01-01,2024-12-31
GT,R Tewatia,2022-2025,46,7.0,8.1,0.0,91.0,0.0,,,11.14,,0.0,0.0,2022-01-01,2025-12-31
GT,J Yadav,2023-2023,1,1.0,4.0,0.0,26.0,0.0,,,6.5,,0.0,0.0,2023-01-01,2023-12-31
GT,JC Buttler,2025-2025,1,,,,,,,,,,,,2025-01-01,2025-12-31
GT,A Manohar,2022-2024,19,,,,,,,,,,,,2022-01-01,2024-12-31
GT,DA Miller,2022-2024,41,,,,,,,,,,,,2022-01-01,2024-12-31
GT,WP Saha,2022-2024,37,,,,,,,,,,,,2022-01-01,2024-12-31
GT,B Sai Sudharsan,2022-2025,26,,,,,,,,,,,,2022-01-01,2025-12-31
GT,MD Shanaka,2023-2023,3,,,,,,,,,,,,2023-01-01,2023-12-31
GT,BR Sharath,2024-2024,1,,,,,,,,,,,,2024-01-01,2024-12-31
GT,Shubman Gill,2022-2025,46,,,,,,,,,,,,2022-01-01,2025-12-31
GT,MS Wade,2022-2024,12,,,,,,,,,,,,2022-01-01,2024-12-31
GT,KS Williamson,2023-2024,3,,,,,,,,,,,,2023-01-01,2024-12-31
LSG,Ravi Bishnoi,2022-2025,44,43.0,152.1,0.0,1283.0,41.0,3/28,31.29,8.43,22.2,0.0,0.0,2022-01-01,2025-12-31
LSG,Mohsin Khan,2022-2024,24,23.0,81.0,2.0,689.0,27.0,4/16,25.51,8.5,18.0,1.0,0.0,2022-01-01,2024-12-31
LSG,Avesh Khan,2022-2023,22,22.0,76.4,1.0,699.0,26.0,4/24,26.88,9.11,17.6,1.0,0.0,2022-01-01,2023-12-31
LSG,Naveen-ul-Haq,2023-2024,18,17.0,64.3,0.0,591.0,25.0,4/38,23.64,9.16,15.4,1.0,0.0,2023-01-01,2024-12-31
LSG,KH Pandya,2022-2024,43,36.0,113.0,1.0,833.0,25.0,3/11,33.32,7.37,27.1,0.0,0.0,2022-01-01,2024-12-31
LSG,Yash Thakur,2023-2024,19,19.0,67.2,1.0,691.0,24.0,5/30,28.79,10.26,16.8,1.0,1.0,2023-01-01,2024-12-31
LSG,JO Holder,2022-2022,12,12.0,41.3,0.0,391.0,14.0,3/31,27.92,9.42,17.7,0.0,0.0,2022-01-01,2022-12-31
LSG,MP Stoinis,2022-2024,40,17.0,31.5,0.0,305.0,13.0,3/23,23.46,9.58,14.6,0.0,0.0,2022-01-01,2024-12-31
LSG,MA Wood,2023-2023,4,4.0,16.0,1.0,130.0,11.0,5/14,11.81,8.12,8.7,0.0,1.0,2023-01-01,2023-12-31
LSG,PVD Chameera,2022-2022,12,12.0,44.0,0.0,384.0,9.0,2/17,42.66,8.72,29.3,0.0,0.0,2022-01-01,2022-12-31
LSG,K Gowtham,2022-2024,12,11.0,30.0,1.0,246.0,8.0,2/30,30.75,8.2,22.5,0.0,0.0,2022-01-01,2024-12-31
LSG,A Mishra,2023-2024,8,8.0,21.0,0.0,169.0,8.0,2/21,21.12,8.04,15.7,0.0,0.0,2023-01-01,2024-12-31
LSG,MP Yadav,2024-2024,4,4.0,12.1,0.0,85.0,7.0,3/14,12.14,6.98,10.4,0.0,0.0,2024-01-01,2024-12-31
LSG,Yudhvir Singh,2023-2024,5,5.0,12.0,0.0,122.0,4.0,2/19,30.5,10.16,18.0,0.0,0.0,2023-01-01,2024-12-31
LSG,M Siddharth,2024-2025,4,4.0,13.0,0.0,110.0,3.0,2/39,36.66,8.46,26.0,0.0,0.0,2024-01-01,2025-12-31
LSG,A Badoni,2022-2025,43,5.0,4.1,0.0,36.0,2.0,1/5,18.0,8.64,12.5,0.0,0.0,2022-01-01,2025-12-31
LSG,DS Rathi,2025-2025,1,1.0,4.0,0.0,31.0,2.0,2/31,15.5,7.75,12.0,0.0,0.0,2025-01-01,2025-12-31
LSG,SN Thakur,2025-2025,1,1.0,2.0,0.0,19.0,2.0,2/19,9.5,9.5,6.0,0.0,0.0,2025-01-01,2025-12-31
LSG,AJ Tye,2022-2022,3,3.0,11.0,0.0,107.0,2.0,2/40,53.5,9.72,33.0,0.0,0.0,2022-01-01,2022-12-31
LSG,Arshad Khan,2024-2024,4,4.0,10.1,0.0,114.0,1.0,1/45,114.0,11.21,61.0,0.0,0.0,2024-01-01,2024-12-31
LSG,MJ Henry,2024-2024,4,4.0,12.0,0.0,110.0,1.0,1/28,110.0,9.16,72.0,0.0,0.0,2024-01-01,2024-12-31
LSG,DJ Hooda,2022-2024,38,5.0,8.0,0.0,73.0,1.0,1/31,73.0,9.12,48.0,0.0,0.0,2022-01-01,2024-12-31
LSG,S Joseph,2024-2024,1,1.0,4.0,0.0,47.0,0.0,,,11.75,,0.0,0.0,2024-01-01,2024-12-31
LSG,KR Mayers,2023-2023,13,6.0,7.0,0.0,59.0,0.0,,,8.42,,0.0,0.0,2023-01-01,2023-12-31
LSG,Prince Yadav,2025-2025,1,1.0,4.0,0.0,47.0,0.0,,,11.75,,0.0,0.0,2025-01-01,2025-12-31
LSG,Shahbaz Ahmed,2025-2025,1,1.0,1.3,0.0,22.0,0.0,,,14.66,,0.0,0.0,2025-01-01,2025-12-31
LSG,Swapnil Singh,2023-2023,2,2.0,2.0,0.0,18.0,0.0,,,9.0,,0.0,0.0,2023-01-01,2023-12-31
LSG,JD Unadkat,2023-2023,3,3.0,8.0,0.0,92.0,0.0,,,11.5,,0.0,0.0,2023-01-01,2023-12-31
LSG,Q de Kock,2022-2024,30,,,,,,,,,,,,2022-01-01,2024-12-31
LSG,AA Kulkarni,2024-2024,2,,,,,,,,,,,,2024-01-01,2024-12-31
LSG,E Lewis,2022-2022,6,,,,,,,,,,,,2022-01-01,2022-12-31
LSG,PN Mankad,2023-2023,5,,,,,,,,,,,,2023-01-01,2023-12-31
LSG,AK Markram,2025-2025,1,,,,,,,,,,,,2025-01-01,2025-12-31
LSG,MR Marsh,2025-2025,1,,,,,,,,,,,,2025-01-01,2025-12-31
LSG,DA Miller,2025-2025,1,,,,,,,,,,,,2025-01-01,2025-12-31
LSG,D Padikkal,2024-2024,7,,,,,,,,,,,,2024-01-01,2024-12-31
LSG,MK Pandey,2022-2022,6,,,,,,,,,,,,2022-01-01,2022-12-31
LSG,RR Pant,2025-2025,1,,,,,,,,,,,,2025-01-01,2025-12-31
LSG,N Pooran,2023-2025,30,,,,,,,,,,,,2023-01-01,2025-12-31
LSG,KL Rahul,2022-2024,38,,,,,,,,,,,,2022-01-01,2024-12-31
LSG,KS Sharma,2022-2023,3,,,,,,,,,,,,2022-01-01,2023-12-31
LSG,R Shepherd,2023-2023,1,,,,,,,,,,,,2023-01-01,2023-12-31
LSG,AJ Turner,2024-2024,2,,,,,,,,,,,,2024-01-01,2024-12-31
LSG,M Vohra,2022-2023,3,,,,,,,,,,,,2022-01-01,2023-12-31
