Team,Player,Span,Mat,Inns,Dis,Ct,St,Ct Wk,Ct Fi,MD,D/I,Start Date,End Date
KKR,RK Singh,2022-2025,37,36.0,24.0,24.0,0.0,0.0,24.0,,0.666,2022-01-01,2025-12-31
KKR,VR Iyer,2021-2025,52,51.0,18.0,18.0,0.0,0.0,18.0,,0.352,2021-01-01,2025-12-31
KKR,SS Iyer,2022-2024,29,28.0,15.0,15.0,0.0,0.0,15.0,,0.535,2022-01-01,2024-12-31
KKR,Rahmanullah Gurbaz,2023-2024,14,13.0,15.0,15.0,0.0,15.0,0.0,,1.153,2023-01-01,2024-12-31
KKR,SP Narine,2021-2025,58,57.0,14.0,14.0,0.0,0.0,14.0,,0.245,2021-01-01,2025-12-31
KKR,N Rana,2021-2024,47,47.0,13.0,13.0,0.0,0.0,13.0,,0.276,2021-01-01,2024-12-31
KKR,AD Russell,2021-2025,54,53.0,13.0,13.0,0.0,0.0,13.0,,0.245,2021-01-01,2025-12-31
KKR,PD Salt,2024-2024,12,12.0,12.0,12.0,0.0,12.0,0.0,,1.0,2024-01-01,2024-12-31
KKR,CV Varun,2021-2025,58,57.0,11.0,11.0,0.0,0.0,11.0,,0.192,2021-01-01,2025-12-31
KKR,EJG Morgan,2021-2021,17,17.0,9.0,9.0,0.0,0.0,9.0,,0.529,2021-01-01,2021-12-31
KKR,Ramandeep Singh,2024-2025,16,15.0,9.0,9.0,0.0,0.0,9.0,,0.6,2024-01-01,2025-12-31
KKR,Shivam Mavi,2021-2022,15,15.0,9.0,9.0,0.0,0.0,9.0,,0.6,2021-01-01,2022-12-31
KKR,RA Tripathi,2021-2021,17,17.0,8.0,8.0,0.0,0.0,8.0,,0.47,2021-01-01,2021-12-31
KKR,UT Yadav,2022-2023,20,20.0,8.0,8.0,0.0,0.0,8.0,,0.4,2022-01-01,2023-12-31
KKR,SW Billings,2022-2022,8,8.0,7.0,6.0,1.0,6.0,0.0,,0.875,2022-01-01,2022-12-31
KKR,SP Jackson,2022-2022,5,5.0,7.0,5.0,2.0,5.0,0.0,,1.4,2022-01-01,2022-12-31
KKR,KD Karthik,2021-2021,17,17.0,7.0,5.0,2.0,5.0,0.0,,0.411,2021-01-01,2021-12-31
KKR,Harshit Rana,2022-2025,22,21.0,6.0,6.0,0.0,0.0,6.0,,0.285,2022-01-01,2025-12-31
KKR,Shubman Gill,2021-2021,17,17.0,6.0,6.0,0.0,0.0,6.0,,0.352,2021-01-01,2021-12-31
KKR,TG Southee,2021-2023,14,14.0,6.0,6.0,0.0,0.0,6.0,,0.428,2021-01-01,2023-12-31
KKR,MA Starc,2024-2024,14,13.0,6.0,6.0,0.0,0.0,6.0,,0.461,2024-01-01,2024-12-31
KKR,VG Arora,2023-2025,16,16.0,4.0,4.0,0.0,0.0,4.0,,0.25,2023-01-01,2025-12-31
KKR,A Raghuvanshi,2024-2025,11,11.0,4.0,4.0,0.0,0.0,4.0,,0.363,2024-01-01,2025-12-31
KKR,SN Thakur,2023-2023,11,11.0,4.0,4.0,0.0,0.0,4.0,,0.363,2023-01-01,2023-12-31
KKR,PJ Cummins,2021-2022,12,12.0,3.0,3.0,0.0,0.0,3.0,,0.25,2021-01-01,2022-12-31
KKR,LH Ferguson,2021-2023,11,11.0,3.0,3.0,0.0,0.0,3.0,,0.272,2021-01-01,2023-12-31
KKR,M Prasidh Krishna,2021-2021,10,10.0,3.0,3.0,0.0,0.0,3.0,,0.3,2021-01-01,2021-12-31
KKR,AM Rahane,2022-2025,8,8.0,3.0,3.0,0.0,0.0,3.0,,0.375,2022-01-01,2025-12-31
KKR,AS Roy,2022-2024,10,9.0,3.0,3.0,0.0,0.0,3.0,,0.333,2022-01-01,2024-12-31
KKR,Shakib Al Hasan,2021-2021,8,8.0,3.0,3.0,0.0,0.0,3.0,,0.375,2021-01-01,2021-12-31
KKR,MK Pandey,2024-2024,1,1.0,2.0,2.0,0.0,0.0,2.0,,2.0,2024-01-01,2024-12-31
KKR,JJ Roy,2023-2023,8,8.0,2.0,2.0,0.0,0.0,2.0,,0.25,2023-01-01,2023-12-31
KKR,D Wiese,2023-2023,3,3.0,2.0,2.0,0.0,0.0,2.0,,0.666,2023-01-01,2023-12-31
KKR,AJ Finch,2022-2022,5,5.0,1.0,1.0,0.0,0.0,1.0,,0.2,2022-01-01,2022-12-31
KKR,Harbhajan Singh,2021-2021,3,3.0,1.0,1.0,0.0,0.0,1.0,,0.333,2021-01-01,2021-12-31
KKR,B Indrajith,2022-2022,3,3.0,1.0,1.0,0.0,1.0,0.0,,0.333,2022-01-01,2022-12-31
KKR,N Jagadeesan,2023-2023,6,6.0,1.0,1.0,0.0,0.0,1.0,,0.166,2023-01-01,2023-12-31
KKR,SH Johnson,2025-2025,1,1.0,1.0,1.0,0.0,0.0,1.0,,1.0,2025-01-01,2025-12-31
KKR,Suyash Sharma,2023-2024,13,13.0,1.0,1.0,0.0,0.0,1.0,,0.076,2023-01-01,2024-12-31
KKR,Aman Hakim Khan,2022-2022,1,1.0,0.0,0.0,0.0,0.0,0.0,0.0,0.0,2022-01-01,2022-12-31
KKR,PVD Chameera,2024-2024,1,1.0,0.0,0.0,0.0,0.0,0.0,0.0,0.0,2024-01-01,2024-12-31
KKR,Q de Kock,2025-2025,1,1.0,0.0,0.0,0.0,0.0,0.0,0.0,0.0,2025-01-01,2025-12-31
KKR,K Khejroliya,2023-2023,2,2.0,0.0,0.0,0.0,0.0,0.0,0.0,0.0,2023-01-01,2023-12-31
KKR,Litton Das,2023-2023,1,1.0,0.0,0.0,0.0,0.0,0.0,0.0,0.0,2023-01-01,2023-12-31
KKR,Mandeep Singh,2023-2023,3,3.0,0.0,0.0,0.0,0.0,0.0,0.0,0.0,2023-01-01,2023-12-31
KKR,KL Nagarkoti,2021-2021,1,1.0,0.0,0.0,0.0,0.0,0.0,0.0,0.0,2021-01-01,2021-12-31
KKR,Rasikh Salam,2022-2022,2,2.0,0.0,0.0,0.0,0.0,0.0,0.0,0.0,2022-01-01,2022-12-31
KKR,S Sandeep Warrier,2021-2021,1,1.0,0.0,0.0,0.0,0.0,0.0,0.0,0.0,2021-01-01,2021-12-31
KKR,TL Seifert,2021-2021,1,1.0,0.0,0.0,0.0,0.0,0.0,0.0,0.0,2021-01-01,2021-12-31
KKR,A Tomar,2022-2022,1,1.0,0.0,0.0,0.0,0.0,0.0,0.0,0.0,2022-01-01,2022-12-31
CSK,MS Dhoni,2021-2025,61,61.0,43.0,39.0,4.0,39.0,0.0,,0.704,2021-01-01,2025-12-31
CSK,RA Jadeja,2021-2025,57,57.0,36.0,36.0,0.0,0.0,36.0,,0.631,2021-01-01,2025-12-31
CSK,RD Gaikwad,2021-2025,61,61.0,33.0,33.0,0.0,0.0,33.0,,0.54,2021-01-01,2025-12-31
CSK,MM Ali,2021-2024,48,48.0,18.0,18.0,0.0,0.0,18.0,,0.375,2021-01-01,2024-12-31
CSK,S Dube,2022-2025,42,42.0,16.0,16.0,0.0,0.0,16.0,,0.38,2022-01-01,2025-12-31
CSK,F du Plessis,2021-2021,16,16.0,12.0,12.0,0.0,0.0,12.0,,0.75,2021-01-01,2021-12-31
CSK,DJ Mitchell,2024-2024,13,13.0,9.0,9.0,0.0,0.0,9.0,,0.692,2024-01-01,2024-12-31
CSK,AM Rahane,2023-2024,27,27.0,9.0,9.0,0.0,0.0,9.0,,0.333,2023-01-01,2024-12-31
CSK,DP Conway,2022-2023,23,23.0,8.0,8.0,0.0,0.0,8.0,,0.347,2022-01-01,2023-12-31
CSK,R Ravindra,2024-2025,11,11.0,8.0,8.0,0.0,0.0,8.0,,0.727,2024-01-01,2025-12-31
CSK,AT Rayudu,2021-2023,45,45.0,8.0,8.0,0.0,0.0,8.0,,0.177,2021-01-01,2023-12-31
CSK,SK Raina,2021-2021,12,12.0,7.0,7.0,0.0,0.0,7.0,,0.583,2021-01-01,2021-12-31
CSK,DL Chahar,2021-2024,33,33.0,6.0,6.0,0.0,0.0,6.0,,0.181,2021-01-01,2024-12-31
CSK,M Pathirana,2022-2024,20,20.0,6.0,6.0,0.0,0.0,6.0,,0.3,2022-01-01,2024-12-31
CSK,SN Thakur,2021-2024,25,25.0,6.0,6.0,0.0,0.0,6.0,,0.24,2021-01-01,2024-12-31
CSK,DJ Bravo,2021-2022,21,21.0,5.0,5.0,0.0,0.0,5.0,,0.238,2021-01-01,2022-12-31
CSK,TU Deshpande,2022-2024,31,31.0,5.0,5.0,0.0,0.0,5.0,,0.161,2022-01-01,2024-12-31
CSK,RV Uthappa,2021-2022,16,16.0,5.0,5.0,0.0,0.0,5.0,,0.312,2021-01-01,2022-12-31
CSK,CJ Jordan,2022-2022,4,4.0,4.0,4.0,0.0,0.0,4.0,,1.0,2022-01-01,2022-12-31
CSK,MJ Santner,2022-2024,12,12.0,4.0,4.0,0.0,0.0,4.0,,0.333,2022-01-01,2024-12-31
CSK,M Theekshana,2022-2024,27,27.0,4.0,4.0,0.0,0.0,4.0,,0.148,2022-01-01,2024-12-31
CSK,Mukesh Choudhary,2022-2024,14,14.0,3.0,3.0,0.0,0.0,3.0,,0.214,2022-01-01,2024-12-31
CSK,D Pretorius,2022-2023,7,7.0,3.0,3.0,0.0,0.0,3.0,,0.428,2022-01-01,2023-12-31
CSK,Simarjeet Singh,2022-2024,10,10.0,3.0,3.0,0.0,0.0,3.0,,0.3,2022-01-01,2024-12-31
CSK,BA Stokes,2023-2023,2,2.0,2.0,2.0,0.0,0.0,2.0,,1.0,2023-01-01,2023-12-31
CSK,Akash Singh,2023-2023,6,6.0,1.0,1.0,0.0,0.0,1.0,,0.166,2023-01-01,2023-12-31
CSK,SM Curran,2021-2025,10,10.0,1.0,1.0,0.0,0.0,1.0,,0.1,2021-01-01,2025-12-31
CSK,JR Hazlewood,2021-2021,9,9.0,1.0,1.0,0.0,0.0,1.0,,0.111,2021-01-01,2021-12-31
CSK,SSB Magala,2023-2023,2,2.0,1.0,1.0,0.0,0.0,1.0,,0.5,2023-01-01,2023-12-31
CSK,Mustafizur Rahman,2024-2024,9,9.0,1.0,1.0,0.0,0.0,1.0,,0.111,2024-01-01,2024-12-31
CSK,L Ngidi,2021-2021,3,3.0,1.0,1.0,0.0,0.0,1.0,,0.333,2021-01-01,2021-12-31
CSK,Sameer Rizvi,2024-2024,8,8.0,1.0,1.0,0.0,0.0,1.0,,0.125,2024-01-01,2024-12-31
CSK,KK Ahmed,2025-2025,1,1.0,0.0,0.0,0.0,0.0,0.0,0.0,0.0,2025-01-01,2025-12-31
CSK,R Ashwin,2025-2025,1,1.0,0.0,0.0,0.0,0.0,0.0,0.0,0.0,2025-01-01,2025-12-31
CSK,KM Asif,2021-2021,1,1.0,0.0,0.0,0.0,0.0,0.0,0.0,0.0,2021-01-01,2021-12-31
CSK,NT Ellis,2025-2025,1,1.0,0.0,0.0,0.0,0.0,0.0,0.0,0.0,2025-01-01,2025-12-31
CSK,RJ Gleeson,2024-2024,2,2.0,0.0,0.0,0.0,0.0,0.0,0.0,0.0,2024-01-01,2024-12-31
CSK,RS Hangargekar,2023-2023,2,2.0,0.0,0.0,0.0,0.0,0.0,0.0,0.0,2023-01-01,2023-12-31
CSK,DJ Hooda,2025-2025,1,1.0,0.0,0.0,0.0,0.0,0.0,0.0,0.0,2025-01-01,2025-12-31
CSK,Imran Tahir,2021-2021,1,1.0,0.0,0.0,0.0,0.0,0.0,0.0,0.0,2021-01-01,2021-12-31
CSK,N Jagadeesan,2022-2022,2,2.0,0.0,0.0,0.0,0.0,0.0,0.0,0.0,2022-01-01,2022-12-31
CSK,AF Milne,2022-2022,1,1.0,0.0,0.0,0.0,0.0,0.0,0.0,0.0,2022-01-01,2022-12-31
CSK,Noor Ahmad,2025-2025,1,1.0,0.0,0.0,0.0,0.0,0.0,0.0,0.0,2025-01-01,2025-12-31
CSK,PH Solanki,2022-2022,2,2.0,0.0,0.0,0.0,0.0,0.0,0.0,0.0,2022-01-01,2022-12-31
CSK,RA Tripathi,2025-2025,1,1.0,0.0,0.0,0.0,0.0,0.0,0.0,0.0,2025-01-01,2025-12-31
MI,Ishan Kishan,2021-2024,54,54.0,38.0,35.0,3.0,35.0,0.0,,0.703,2021-01-01,2024-12-31
MI,NT Tilak Varma,2022-2025,39,39.0,24.0,24.0,0.0,0.0,24.0,,0.615,2022-01-01,2025-12-31
MI,TH David,2022-2024,37,37.0,22.0,22.0,0.0,0.0,22.0,,0.594,2022-01-01,2024-12-31
MI,SA Yadav,2021-2025,50,50.0,18.0,18.0,0.0,0.0,18.0,,0.36,2021-01-01,2025-12-31
MI,KA Pollard,2021-2022,25,25.0,13.0,13.0,0.0,0.0,13.0,,0.52,2021-01-01,2022-12-31
MI,RG Sharma,2021-2025,58,58.0,12.0,12.0,0.0,0.0,12.0,,0.206,2021-01-01,2025-12-31
MI,HH Pandya,2021-2024,26,26.0,8.0,8.0,0.0,0.0,8.0,,0.307,2021-01-01,2024-12-31
MI,JJ Bumrah,2021-2024,41,41.0,7.0,7.0,0.0,0.0,7.0,,0.17,2021-01-01,2024-12-31
MI,Mohammad Nabi,2024-2024,7,7.0,7.0,7.0,0.0,0.0,7.0,,1.0,2024-01-01,2024-12-31
MI,DR Sams,2022-2022,11,11.0,7.0,7.0,0.0,0.0,7.0,,0.636,2022-01-01,2022-12-31
MI,Q de Kock,2021-2021,11,11.0,6.0,4.0,2.0,4.0,0.0,,0.545,2021-01-01,2021-12-31
MI,KH Pandya,2021-2021,13,13.0,6.0,6.0,0.0,0.0,6.0,,0.461,2021-01-01,2021-12-31
MI,N Wadhera,2023-2024,20,20.0,6.0,6.0,0.0,0.0,6.0,,0.3,2023-01-01,2024-12-31
MI,TA Boult,2021-2025,15,15.0,5.0,5.0,0.0,0.0,5.0,,0.333,2021-01-01,2025-12-31
MI,C Green,2023-2023,16,16.0,5.0,5.0,0.0,0.0,5.0,,0.312,2023-01-01,2023-12-31
MI,HR Shokeen,2022-2023,13,13.0,5.0,5.0,0.0,0.0,5.0,,0.384,2022-01-01,2023-12-31
MI,D Brevis,2022-2024,10,10.0,3.0,3.0,0.0,0.0,3.0,,0.3,2022-01-01,2024-12-31
MI,RD Chahar,2021-2021,11,11.0,3.0,3.0,0.0,0.0,3.0,,0.272,2021-01-01,2021-12-31
MI,PP Chawla,2021-2024,28,28.0,3.0,3.0,0.0,0.0,3.0,,0.107,2021-01-01,2024-12-31
MI,A Kamboj,2024-2024,3,3.0,3.0,3.0,0.0,0.0,3.0,,1.0,2024-01-01,2024-12-31
MI,Naman Dhir,2024-2025,8,8.0,3.0,3.0,0.0,0.0,3.0,,0.375,2024-01-01,2025-12-31
MI,Arshad Khan,2023-2023,6,6.0,2.0,2.0,0.0,0.0,2.0,,0.333,2023-01-01,2023-12-31
MI,JP Behrendorff,2023-2023,12,12.0,2.0,2.0,0.0,0.0,2.0,,0.166,2023-01-01,2023-12-31
MI,G Coetzee,2024-2024,10,10.0,2.0,2.0,0.0,0.0,2.0,,0.2,2024-01-01,2024-12-31
MI,NM Coulter-Nile,2021-2021,5,5.0,2.0,2.0,0.0,0.0,2.0,,0.4,2021-01-01,2021-12-31
MI,D Jansen,2023-2023,1,1.0,2.0,2.0,0.0,0.0,2.0,,2.0,2023-01-01,2023-12-31
MI,CA Lynn,2021-2021,1,1.0,2.0,2.0,0.0,0.0,2.0,,2.0,2021-01-01,2021-12-31
MI,M Markande,2022-2022,2,2.0,2.0,2.0,0.0,0.0,2.0,,1.0,2022-01-01,2022-12-31
MI,RP Meredith,2022-2023,13,13.0,2.0,2.0,0.0,0.0,2.0,,0.153,2022-01-01,2023-12-31
MI,AF Milne,2021-2021,4,4.0,2.0,2.0,0.0,0.0,2.0,,0.5,2021-01-01,2021-12-31
MI,J Yadav,2021-2021,5,5.0,2.0,2.0,0.0,0.0,2.0,,0.4,2021-01-01,2021-12-31
MI,JC Archer,2023-2023,5,5.0,1.0,1.0,0.0,0.0,1.0,,0.2,2023-01-01,2023-12-31
MI,Basil Thampi,2022-2022,5,5.0,1.0,1.0,0.0,0.0,1.0,,0.2,2022-01-01,2022-12-31
MI,S Gopal,2024-2024,3,3.0,1.0,1.0,0.0,0.0,1.0,,0.333,2024-01-01,2024-12-31
MI,R Goyal,2023-2023,1,1.0,1.0,1.0,0.0,0.0,1.0,,1.0,2023-01-01,2023-12-31
MI,WG Jacks,2025-2025,1,1.0,1.0,1.0,0.0,0.0,1.0,,1.0,2025-01-01,2025-12-31
MI,M Jansen,2021-2021,2,2.0,1.0,1.0,0.0,0.0,1.0,,0.5,2021-01-01,2021-12-31
MI,CJ Jordan,2023-2023,6,6.0,1.0,1.0,0.0,0.0,1.0,,0.166,2023-01-01,2023-12-31
MI,K Kartikeya,2022-2023,12,12.0,1.0,1.0,0.0,0.0,1.0,,0.083,2022-01-01,2023-12-31
MI,A Madhwal,2023-2024,13,13.0,1.0,1.0,0.0,0.0,1.0,,0.076,2023-01-01,2024-12-31
MI,PVSN Raju,2025-2025,1,1.0,1.0,1.0,0.0,0.0,1.0,,1.0,2025-01-01,2025-12-31
MI,Ramandeep Singh,2022-2022,5,5.0,1.0,1.0,0.0,0.0,1.0,,0.2,2022-01-01,2022-12-31
MI,RD Rickelton,2025-2025,1,1.0,1.0,1.0,0.0,1.0,0.0,,1.0,2025-01-01,2025-12-31
MI,N Thushara,2024-2024,7,7.0,1.0,1.0,0.0,0.0,1.0,,0.142,2024-01-01,2024-12-31
MI,SS Tiwary,2021-2021,5,5.0,1.0,1.0,0.0,0.0,1.0,,0.2,2021-01-01,2021-12-31
MI,JD Unadkat,2022-2022,5,5.0,1.0,1.0,0.0,0.0,1.0,,0.2,2022-01-01,2022-12-31
MI,FA Allen,2022-2022,1,1.0,0.0,0.0,0.0,0.0,0.0,0.0,0.0,2022-01-01,2022-12-31
MI,Anmolpreet Singh,2021-2022,3,3.0,0.0,0.0,0.0,0.0,0.0,0.0,0.0,2021-01-01,2022-12-31
MI,M Ashwin,2022-2022,8,8.0,0.0,0.0,0.0,0.0,0.0,0.0,0.0,2022-01-01,2022-12-31
MI,DL Chahar,2025-2025,1,1.0,0.0,0.0,0.0,0.0,0.0,0.0,0.0,2025-01-01,2025-12-31
MI,DS Kulkarni,2021-2021,1,1.0,0.0,0.0,0.0,0.0,0.0,0.0,0.0,2021-01-01,2021-12-31
MI,KT Maphaka,2024-2024,2,2.0,0.0,0.0,0.0,0.0,0.0,0.0,0.0,2024-01-01,2024-12-31
MI,TS Mills,2022-2022,5,5.0,0.0,0.0,0.0,0.0,0.0,0.0,0.0,2022-01-01,2022-12-31
MI,R Minz,2025-2025,1,1.0,0.0,0.0,0.0,0.0,0.0,0.0,0.0,2025-01-01,2025-12-31
MI,SZ Mulani,2024-2024,2,2.0,0.0,0.0,0.0,0.0,0.0,0.0,0.0,2024-01-01,2024-12-31
MI,JDS Neesham,2021-2021,3,3.0,0.0,0.0,0.0,0.0,0.0,0.0,0.0,2021-01-01,2021-12-31
MI,V Puthur,2025-2025,1,1.0,0.0,0.0,0.0,0.0,0.0,0.0,0.0,2025-01-01,2025-12-31
MI,R Sanjay Yadav,2022-2022,1,1.0,0.0,0.0,0.0,0.0,0.0,0.0,0.0,2022-01-01,2022-12-31
MI,MJ Santner,2025-2025,1,1.0,0.0,0.0,0.0,0.0,0.0,0.0,0.0,2025-01-01,2025-12-31
MI,R Shepherd,2024-2024,6,6.0,0.0,0.0,0.0,0.0,0.0,0.0,0.0,2024-01-01,2024-12-31
MI,T Stubbs,2022-2023,4,4.0,0.0,0.0,0.0,0.0,0.0,0.0,0.0,2022-01-01,2023-12-31
MI,AS Tendulkar,2023-2024,5,5.0,0.0,0.0,0.0,0.0,0.0,0.0,0.0,2023-01-01,2024-12-31
MI,Vishnu Vinod,2023-2023,3,3.0,0.0,0.0,0.0,0.0,0.0,0.0,0.0,2023-01-01,2023-12-31
MI,L Wood,2024-2024,2,2.0,0.0,0.0,0.0,0.0,0.0,0.0,0.0,2024-01-01,2024-12-31
RCB,V Kohli,2021-2025,61,61.0,38.0,38.0,0.0,0.0,38.0,,0.622,2021-01-01,2025-12-31
RCB,KD Karthik,2022-2024,44,44.0,27.0,22.0,5.0,22.0,0.0,,0.613,2022-01-01,2024-12-31
RCB,GJ Maxwell,2021-2024,52,52.0,17.0,17.0,0.0,0.0,17.0,,0.326,2021-01-01,2024-12-31
RCB,Mohammed Siraj,2021-2024,58,58.0,17.0,17.0,0.0,0.0,17.0,,0.293,2021-01-01,2024-12-31
RCB,Shahbaz Ahmed,2021-2023,37,37.0,17.0,17.0,0.0,0.0,17.0,,0.459,2021-01-01,2023-12-31
RCB,AB de Villiers,2021-2021,15,15.0,15.0,15.0,0.0,8.0,7.0,,1.0,2021-01-01,2021-12-31
RCB,F du Plessis,2022-2024,45,45.0,15.0,15.0,0.0,0.0,15.0,,0.333,2022-01-01,2024-12-31
RCB,Anuj Rawat,2022-2024,22,22.0,13.0,13.0,0.0,6.0,7.0,,0.59,2022-01-01,2024-12-31
RCB,DT Christian,2021-2021,9,9.0,9.0,9.0,0.0,0.0,9.0,,1.0,2021-01-01,2021-12-31
RCB,MK Lomror,2022-2024,29,29.0,9.0,9.0,0.0,0.0,9.0,,0.31,2022-01-01,2024-12-31
RCB,HV Patel,2021-2023,44,44.0,8.0,8.0,0.0,0.0,8.0,,0.181,2021-01-01,2023-12-31
RCB,RM Patidar,2021-2025,28,28.0,8.0,8.0,0.0,0.0,8.0,,0.285,2021-01-01,2025-12-31
RCB,D Padikkal,2021-2025,15,15.0,7.0,7.0,0.0,0.0,7.0,,0.466,2021-01-01,2025-12-31
RCB,SS Prabhudessai,2022-2024,11,11.0,6.0,6.0,0.0,0.0,6.0,,0.545,2022-01-01,2024-12-31
RCB,KV Sharma,2023-2024,16,16.0,6.0,6.0,0.0,0.0,6.0,,0.375,2023-01-01,2024-12-31
RCB,KS Bharat,2021-2021,8,8.0,5.0,4.0,1.0,4.0,0.0,,0.625,2021-01-01,2021-12-31
RCB,C Green,2024-2024,13,13.0,5.0,5.0,0.0,0.0,5.0,,0.384,2024-01-01,2024-12-31
RCB,YS Chahal,2021-2021,15,15.0,4.0,4.0,0.0,0.0,4.0,,0.266,2021-01-01,2021-12-31
RCB,LH Ferguson,2024-2024,7,7.0,4.0,4.0,0.0,0.0,4.0,,0.571,2024-01-01,2024-12-31
RCB,WD Parnell,2023-2023,7,7.0,4.0,4.0,0.0,0.0,4.0,,0.571,2023-01-01,2023-12-31
RCB,JM Sharma,2025-2025,1,1.0,4.0,4.0,0.0,4.0,0.0,,4.0,2025-01-01,2025-12-31
RCB,V Vyshak,2023-2024,11,11.0,4.0,4.0,0.0,0.0,4.0,,0.363,2023-01-01,2024-12-31
RCB,Akash Deep,2022-2024,8,8.0,3.0,3.0,0.0,0.0,3.0,,0.375,2022-01-01,2024-12-31
RCB,MJ Dagar,2024-2024,5,5.0,3.0,3.0,0.0,0.0,3.0,,0.6,2024-01-01,2024-12-31
RCB,PW Hasaranga,2021-2023,26,26.0,3.0,3.0,0.0,0.0,3.0,,0.115,2021-01-01,2023-12-31
RCB,WG Jacks,2024-2024,8,8.0,3.0,3.0,0.0,0.0,3.0,,0.375,2024-01-01,2024-12-31
RCB,Yash Dayal,2024-2025,15,15.0,3.0,3.0,0.0,0.0,3.0,,0.2,2024-01-01,2025-12-31
RCB,KA Jamieson,2021-2021,9,9.0,2.0,2.0,0.0,0.0,2.0,,0.222,2021-01-01,2021-12-31
RCB,Swapnil Singh,2024-2024,7,7.0,2.0,2.0,0.0,0.0,2.0,,0.285,2024-01-01,2024-12-31
RCB,Washington Sundar,2021-2021,6,6.0,2.0,2.0,0.0,0.0,2.0,,0.333,2021-01-01,2021-12-31
RCB,DJ Willey,2022-2023,8,8.0,2.0,2.0,0.0,0.0,2.0,,0.25,2022-01-01,2023-12-31
RCB,MG Bracewell,2023-2023,5,5.0,1.0,1.0,0.0,0.0,1.0,,0.2,2023-01-01,2023-12-31
RCB,GHS Garton,2021-2021,5,5.0,1.0,1.0,0.0,0.0,1.0,,0.2,2021-01-01,2021-12-31
RCB,JR Hazlewood,2022-2025,16,16.0,1.0,1.0,0.0,0.0,1.0,,0.062,2022-01-01,2025-12-31
RCB,KM Jadhav,2023-2023,2,2.0,1.0,1.0,0.0,0.0,1.0,,0.5,2023-01-01,2023-12-31
RCB,Rasikh Salam,2025-2025,1,1.0,1.0,1.0,0.0,0.0,1.0,,1.0,2025-01-01,2025-12-31
RCB,KW Richardson,2021-2021,1,1.0,1.0,1.0,0.0,0.0,1.0,,1.0,2021-01-01,2021-12-31
RCB,NA Saini,2021-2021,2,2.0,1.0,1.0,0.0,0.0,1.0,,0.5,2021-01-01,2021-12-31
RCB,RJW Topley,2023-2024,5,5.0,1.0,1.0,0.0,0.0,1.0,,0.2,2023-01-01,2024-12-31
RCB,SD Chauhan,2024-2024,3,3.0,0.0,0.0,0.0,0.0,0.0,0.0,0.0,2024-01-01,2024-12-31
RCB,TH David,2021-2025,2,2.0,0.0,0.0,0.0,0.0,0.0,0.0,0.0,2021-01-01,2025-12-31
RCB,AS Joseph,2024-2024,3,3.0,0.0,0.0,0.0,0.0,0.0,0.0,0.0,2024-01-01,2024-12-31
RCB,S Kaul,2022-2022,1,1.0,0.0,0.0,0.0,0.0,0.0,0.0,0.0,2022-01-01,2022-12-31
RCB,LS Livingstone,2025-2025,1,1.0,0.0,0.0,0.0,0.0,0.0,0.0,0.0,2025-01-01,2025-12-31
RCB,KH Pandya,2025-2025,1,1.0,0.0,0.0,0.0,0.0,0.0,0.0,0.0,2025-01-01,2025-12-31
RCB,SE Rutherford,2022-2022,3,3.0,0.0,0.0,0.0,0.0,0.0,0.0,0.0,2022-01-01,2022-12-31
RCB,Sachin Baby,2021-2021,1,1.0,0.0,0.0,0.0,0.0,0.0,0.0,0.0,2021-01-01,2021-12-31
RCB,PD Salt,2025-2025,1,1.0,0.0,0.0,0.0,0.0,0.0,0.0,0.0,2025-01-01,2025-12-31
RCB,DR Sams,2021-2021,2,2.0,0.0,0.0,0.0,0.0,0.0,0.0,0.0,2021-01-01,2021-12-31
RCB,H Sharma,2023-2024,2,2.0,0.0,0.0,0.0,0.0,0.0,0.0,0.0,2023-01-01,2024-12-31
RCB,Suyash Sharma,2025-2025,1,1.0,0.0,0.0,0.0,0.0,0.0,0.0,0.0,2025-01-01,2025-12-31
SRH,Abdul Samad,2021-2024,38,38.0,22.0,22.0,0.0,0.0,22.0,,0.578,2021-01-01,2024-12-31
SRH,AK Markram,2022-2024,38,38.0,22.0,22.0,0.0,0.0,22.0,,0.578,2022-01-01,2024-12-31
SRH,KS Williamson,2021-2022,23,23.0,17.0,17.0,0.0,0.0,17.0,,0.739,2021-01-01,2022-12-31
SRH,H Klaasen,2023-2025,29,29.0,15.0,12.0,3.0,12.0,0.0,,0.517,2023-01-01,2025-12-31
SRH,Abhishek Sharma,2021-2025,50,50.0,14.0,14.0,0.0,0.0,14.0,,0.28,2021-01-01,2025-12-31
SRH,M Jansen,2022-2024,19,19.0,12.0,12.0,0.0,0.0,12.0,,0.631,2022-01-01,2024-12-31
SRH,RA Tripathi,2022-2024,33,33.0,10.0,10.0,0.0,0.0,10.0,,0.303,2022-01-01,2024-12-31
SRH,PJ Cummins,2024-2025,17,17.0,9.0,9.0,0.0,0.0,9.0,,0.529,2024-01-01,2025-12-31
SRH,N Pooran,2022-2022,14,14.0,9.0,8.0,1.0,8.0,0.0,,0.642,2022-01-01,2022-12-31
SRH,MA Agarwal,2023-2024,14,14.0,8.0,8.0,0.0,0.0,8.0,,0.571,2023-01-01,2024-12-31
SRH,B Kumar,2021-2024,55,55.0,6.0,6.0,0.0,0.0,6.0,,0.109,2021-01-01,2024-12-31
SRH,T Natarajan,2021-2024,39,39.0,6.0,6.0,0.0,0.0,6.0,,0.153,2021-01-01,2024-12-31
SRH,K Nitish Kumar Reddy,2023-2025,16,16.0,6.0,6.0,0.0,0.0,6.0,,0.375,2023-01-01,2025-12-31
SRH,WP Saha,2021-2021,9,9.0,6.0,6.0,0.0,6.0,0.0,,0.666,2021-01-01,2021-12-31
SRH,Umran Malik,2021-2024,26,26.0,6.0,6.0,0.0,0.0,6.0,,0.23,2021-01-01,2024-12-31
SRH,Mohammad Nabi,2021-2021,3,3.0,5.0,5.0,0.0,0.0,5.0,,1.666,2021-01-01,2021-12-31
SRH,MK Pandey,2021-2021,8,8.0,5.0,5.0,0.0,0.0,5.0,,0.625,2021-01-01,2021-12-31
SRH,JM Bairstow,2021-2021,7,7.0,3.0,2.0,1.0,2.0,0.0,,0.428,2021-01-01,2021-12-31
SRH,HC Brook,2023-2023,11,11.0,3.0,3.0,0.0,0.0,3.0,,0.272,2023-01-01,2023-12-31
SRH,PK Garg,2021-2022,7,7.0,3.0,3.0,0.0,0.0,3.0,,0.428,2021-01-01,2022-12-31
SRH,M Markande,2023-2024,17,17.0,3.0,3.0,0.0,0.0,3.0,,0.176,2023-01-01,2024-12-31
SRH,JJ Roy,2021-2021,5,5.0,3.0,3.0,0.0,0.0,3.0,,0.6,2021-01-01,2021-12-31
SRH,Shahbaz Ahmed,2024-2024,16,16.0,3.0,3.0,0.0,0.0,3.0,,0.187,2024-01-01,2024-12-31
SRH,Sanvir Singh,2023-2024,6,6.0,3.0,3.0,0.0,0.0,3.0,,0.5,2023-01-01,2024-12-31
SRH,V Shankar,2021-2021,7,7.0,3.0,3.0,0.0,0.0,3.0,,0.428,2021-01-01,2021-12-31
SRH,Shashank Singh,2022-2022,10,10.0,3.0,3.0,0.0,0.0,3.0,,0.3,2022-01-01,2022-12-31
SRH,Washington Sundar,2022-2024,18,18.0,3.0,3.0,0.0,0.0,3.0,,0.166,2022-01-01,2024-12-31
SRH,JO Holder,2021-2021,8,8.0,2.0,2.0,0.0,0.0,2.0,,0.25,2021-01-01,2021-12-31
SRH,KM Jadhav,2021-2021,6,6.0,2.0,2.0,0.0,0.0,2.0,,0.333,2021-01-01,2021-12-31
SRH,A Manohar,2025-2025,1,1.0,2.0,2.0,0.0,0.0,2.0,,2.0,2025-01-01,2025-12-31
SRH,Rashid Khan,2021-2021,14,14.0,2.0,2.0,0.0,0.0,2.0,,0.142,2021-01-01,2021-12-31
SRH,J Suchith,2021-2022,7,7.0,2.0,2.0,0.0,0.0,2.0,,0.285,2021-01-01,2022-12-31
SRH,Virat Singh,2021-2021,3,3.0,2.0,2.0,0.0,0.0,2.0,,0.666,2021-01-01,2021-12-31
SRH,V Viyaskanth,2024-2024,3,3.0,2.0,2.0,0.0,0.0,2.0,,0.666,2024-01-01,2024-12-31
SRH,DA Warner,2021-2021,8,8.0,2.0,2.0,0.0,0.0,2.0,,0.25,2021-01-01,2021-12-31
SRH,SA Abbott,2022-2022,1,1.0,1.0,1.0,0.0,0.0,1.0,,1.0,2022-01-01,2022-12-31
SRH,Anmolpreet Singh,2023-2024,6,6.0,1.0,1.0,0.0,1.0,0.0,,0.166,2023-01-01,2024-12-31
SRH,Fazalhaq Farooqi,2022-2023,7,7.0,1.0,1.0,0.0,0.0,1.0,,0.142,2022-01-01,2023-12-31
SRH,Ishan Kishan,2025-2025,1,1.0,1.0,1.0,0.0,0.0,1.0,,1.0,2025-01-01,2025-12-31
SRH,S Kaul,2021-2021,8,8.0,1.0,1.0,0.0,0.0,1.0,,0.125,2021-01-01,2021-12-31
SRH,S Nadeem,2021-2021,1,1.0,1.0,1.0,0.0,0.0,1.0,,1.0,2021-01-01,2021-12-31
SRH,GD Phillips,2023-2023,5,5.0,1.0,1.0,0.0,0.0,1.0,,0.2,2023-01-01,2023-12-31
SRH,Sandeep Sharma,2021-2021,7,7.0,1.0,1.0,0.0,0.0,1.0,,0.142,2021-01-01,2021-12-31
SRH,KK Ahmed,2021-2021,7,7.0,0.0,0.0,0.0,0.0,0.0,0.0,0.0,2021-01-01,2021-12-31
SRH,MJ Dagar,2023-2023,3,3.0,0.0,0.0,0.0,0.0,0.0,0.0,0.0,2023-01-01,2023-12-31
SRH,S Gopal,2022-2022,1,1.0,0.0,0.0,0.0,0.0,0.0,0.0,0.0,2022-01-01,2022-12-31
SRH,TM Head,2024-2025,16,16.0,0.0,0.0,0.0,0.0,0.0,0.0,0.0,2024-01-01,2025-12-31
SRH,AJ Hosein,2023-2023,1,1.0,0.0,0.0,0.0,0.0,0.0,0.0,0.0,2023-01-01,2023-12-31
SRH,Kartik Tyagi,2022-2023,5,5.0,0.0,0.0,0.0,0.0,0.0,0.0,0.0,2022-01-01,2023-12-31
SRH,Mohammed Shami,2025-2025,1,1.0,0.0,0.0,0.0,0.0,0.0,0.0,0.0,2025-01-01,2025-12-31
SRH,Mujeeb Ur Rahman,2021-2021,1,1.0,0.0,0.0,0.0,0.0,0.0,0.0,0.0,2021-01-01,2021-12-31
SRH,HV Patel,2025-2025,1,1.0,0.0,0.0,0.0,0.0,0.0,0.0,0.0,2025-01-01,2025-12-31
SRH,AU Rashid,2023-2023,2,2.0,0.0,0.0,0.0,0.0,0.0,0.0,0.0,2023-01-01,2023-12-31
SRH,R Shepherd,2022-2022,3,3.0,0.0,0.0,0.0,0.0,0.0,0.0,0.0,2022-01-01,2022-12-31
SRH,Simarjeet Singh,2025-2025,1,1.0,0.0,0.0,0.0,0.0,0.0,0.0,0.0,2025-01-01,2025-12-31
SRH,JD Unadkat,2024-2024,11,11.0,0.0,0.0,0.0,0.0,0.0,0.0,0.0,2024-01-01,2024-12-31
SRH,AU Verma,2025-2025,1,1.0,0.0,0.0,0.0,0.0,0.0,0.0,0.0,2025-01-01,2025-12-31
SRH,Vivrant Sharma,2023-2023,3,3.0,0.0,0.0,0.0,0.0,0.0,0.0,0.0,2023-01-01,2023-12-31
SRH,A Zampa,2025-2025,1,1.0,0.0,0.0,0.0,0.0,0.0,0.0,0.0,2025-01-01,2025-12-31
RR,SV Samson,2021-2025,62,61.0,40.0,30.0,10.0,30.0,0.0,,0.655,2021-01-01,2025-12-31
RR,R Parag,2021-2025,52,51.0,33.0,33.0,0.0,0.0,33.0,,0.647,2021-01-01,2025-12-31
RR,JC Buttler,2021-2024,49,49.0,24.0,24.0,0.0,0.0,24.0,,0.489,2021-01-01,2024-12-31
RR,SO Hetmyer,2022-2025,42,42.0,19.0,19.0,0.0,0.0,19.0,,0.452,2022-01-01,2025-12-31
RR,YBK Jaiswal,2021-2025,51,50.0,19.0,19.0,0.0,0.0,19.0,,0.38,2021-01-01,2025-12-31
RR,DC Jurel,2023-2025,29,28.0,12.0,12.0,0.0,0.0,12.0,,0.428,2023-01-01,2025-12-31
RR,R Ashwin,2022-2024,45,44.0,11.0,11.0,0.0,0.0,11.0,,0.25,2022-01-01,2024-12-31
RR,TA Boult,2022-2024,42,41.0,11.0,11.0,0.0,0.0,11.0,,0.268,2022-01-01,2024-12-31
RR,D Padikkal,2022-2023,28,28.0,9.0,9.0,0.0,0.0,9.0,,0.321,2022-01-01,2023-12-31
RR,R Powell,2024-2024,10,9.0,7.0,7.0,0.0,0.0,7.0,,0.777,2024-01-01,2024-12-31
RR,Sandeep Sharma,2023-2025,24,23.0,7.0,7.0,0.0,0.0,7.0,,0.304,2023-01-01,2025-12-31
RR,YS Chahal,2022-2024,46,46.0,6.0,6.0,0.0,0.0,6.0,,0.13,2022-01-01,2024-12-31
RR,DA Miller,2021-2021,9,9.0,4.0,4.0,0.0,0.0,4.0,,0.444,2021-01-01,2021-12-31
RR,CH Morris,2021-2021,11,11.0,4.0,4.0,0.0,0.0,4.0,,0.363,2021-01-01,2021-12-31
RR,C Sakariya,2021-2021,14,14.0,4.0,4.0,0.0,0.0,4.0,,0.285,2021-01-01,2021-12-31
RR,KR Sen,2022-2024,12,12.0,4.0,4.0,0.0,0.0,4.0,,0.333,2022-01-01,2024-12-31
RR,Anuj Rawat,2021-2021,2,2.0,3.0,3.0,0.0,0.0,3.0,,1.5,2021-01-01,2021-12-31
RR,JO Holder,2023-2023,8,8.0,3.0,3.0,0.0,0.0,3.0,,0.375,2023-01-01,2023-12-31
RR,LS Livingstone,2021-2021,5,5.0,3.0,3.0,0.0,0.0,3.0,,0.6,2021-01-01,2021-12-31
RR,Avesh Khan,2024-2024,16,15.0,2.0,2.0,0.0,0.0,2.0,,0.133,2024-01-01,2024-12-31
RR,N Burger,2024-2024,6,5.0,2.0,2.0,0.0,0.0,2.0,,0.4,2024-01-01,2024-12-31
RR,S Dube,2021-2021,9,9.0,2.0,2.0,0.0,0.0,2.0,,0.222,2021-01-01,2021-12-31
RR,DJ Mitchell,2022-2022,2,2.0,2.0,2.0,0.0,0.0,2.0,,1.0,2022-01-01,2022-12-31
RR,M Prasidh Krishna,2022-2022,17,17.0,2.0,2.0,0.0,0.0,2.0,,0.117,2022-01-01,2022-12-31
RR,JE Root,2023-2023,3,3.0,2.0,2.0,0.0,0.0,2.0,,0.666,2023-01-01,2023-12-31
RR,NA Saini,2022-2023,4,4.0,2.0,2.0,0.0,0.0,2.0,,0.5,2022-01-01,2023-12-31
RR,R Tewatia,2021-2021,14,14.0,2.0,2.0,0.0,0.0,2.0,,0.142,2021-01-01,2021-12-31
RR,JC Archer,2025-2025,1,1.0,1.0,1.0,0.0,0.0,1.0,,1.0,2025-01-01,2025-12-31
RR,KM Asif,2023-2023,4,4.0,1.0,1.0,0.0,0.0,1.0,,0.25,2023-01-01,2023-12-31
RR,D Ferreira,2024-2024,2,2.0,1.0,1.0,0.0,0.0,1.0,,0.5,2024-01-01,2024-12-31
RR,Kartik Tyagi,2021-2021,4,4.0,1.0,1.0,0.0,0.0,1.0,,0.25,2021-01-01,2021-12-31
RR,T Kohler-Cadmore,2024-2024,4,3.0,1.0,1.0,0.0,0.0,1.0,,0.333,2024-01-01,2024-12-31
RR,OC McCoy,2022-2023,8,8.0,1.0,1.0,0.0,0.0,1.0,,0.125,2022-01-01,2023-12-31
RR,KA Maharaj,2024-2024,2,2.0,1.0,1.0,0.0,0.0,1.0,,0.5,2024-01-01,2024-12-31
RR,Mustafizur Rahman,2021-2021,14,14.0,1.0,1.0,0.0,0.0,1.0,,0.071,2021-01-01,2021-12-31
RR,KK Nair,2022-2022,3,3.0,1.0,1.0,0.0,0.0,1.0,,0.333,2022-01-01,2022-12-31
RR,JDS Neesham,2022-2022,2,2.0,1.0,1.0,0.0,0.0,1.0,,0.5,2022-01-01,2022-12-31
RR,GD Phillips,2021-2021,3,3.0,1.0,1.0,0.0,0.0,1.0,,0.333,2021-01-01,2021-12-31
RR,BA Stokes,2021-2021,1,1.0,1.0,1.0,0.0,0.0,1.0,,1.0,2021-01-01,2021-12-31
RR,JD Unadkat,2021-2021,6,6.0,1.0,1.0,0.0,0.0,1.0,,0.166,2021-01-01,2021-12-31
RR,Abdul Basith,2023-2023,1,1.0,0.0,0.0,0.0,0.0,0.0,0.0,0.0,2023-01-01,2023-12-31
RR,Akash Singh,2021-2021,1,1.0,0.0,0.0,0.0,0.0,0.0,0.0,0.0,2021-01-01,2021-12-31
RR,M Ashwin,2023-2023,2,2.0,0.0,0.0,0.0,0.0,0.0,0.0,0.0,2023-01-01,2023-12-31
RR,NM Coulter-Nile,2022-2022,1,1.0,0.0,0.0,0.0,0.0,0.0,0.0,0.0,2022-01-01,2022-12-31
RR,TU Deshpande,2025-2025,1,1.0,0.0,0.0,0.0,0.0,0.0,0.0,0.0,2025-01-01,2025-12-31
RR,SB Dubey,2024-2025,5,5.0,0.0,0.0,0.0,0.0,0.0,0.0,0.0,2024-01-01,2025-12-31
RR,Fazalhaq Farooqi,2025-2025,1,1.0,0.0,0.0,0.0,0.0,0.0,0.0,0.0,2025-01-01,2025-12-31
RR,S Gopal,2021-2021,3,3.0,0.0,0.0,0.0,0.0,0.0,0.0,0.0,2021-01-01,2021-12-31
RR,TK Kotian,2024-2024,1,1.0,0.0,0.0,0.0,0.0,0.0,0.0,0.0,2024-01-01,2024-12-31
RR,E Lewis,2021-2021,5,5.0,0.0,0.0,0.0,0.0,0.0,0.0,0.0,2021-01-01,2021-12-31
RR,MK Lomror,2021-2021,4,4.0,0.0,0.0,0.0,0.0,0.0,0.0,0.0,2021-01-01,2021-12-31
RR,M Markande,2021-2021,1,1.0,0.0,0.0,0.0,0.0,0.0,0.0,0.0,2021-01-01,2021-12-31
RR,N Rana,2025-2025,1,1.0,0.0,0.0,0.0,0.0,0.0,0.0,0.0,2025-01-01,2025-12-31
RR,T Shamsi,2021-2021,1,1.0,0.0,0.0,0.0,0.0,0.0,0.0,0.0,2021-01-01,2021-12-31
RR,M Theekshana,2025-2025,1,1.0,0.0,0.0,0.0,0.0,0.0,0.0,0.0,2025-01-01,2025-12-31
RR,HE van der Dussen,2022-2022,3,3.0,0.0,0.0,0.0,0.0,0.0,0.0,0.0,2022-01-01,2022-12-31
RR,M Vohra,2021-2021,4,4.0,0.0,0.0,0.0,0.0,0.0,0.0,0.0,2021-01-01,2021-12-31
RR,K Yadav,2021-2023,3,3.0,0.0,0.0,0.0,0.0,0.0,0.0,0.0,2021-01-01,2023-12-31
RR,A Zampa,2023-2023,6,6.0,0.0,0.0,0.0,0.0,0.0,0.0,0.0,2023-01-01,2023-12-31
PBKS,JM Sharma,2022-2024,40,40.0,29.0,25.0,4.0,24.0,1.0,,0.725,2022-01-01,2024-12-31
PBKS,S Dhawan,2022-2024,30,30.0,17.0,17.0,0.0,0.0,17.0,,0.566,2022-01-01,2024-12-31
PBKS,MA Agarwal,2021-2022,25,25.0,15.0,15.0,0.0,0.0,15.0,,0.6,2021-01-01,2022-12-31
PBKS,Harpreet Brar,2021-2024,38,38.0,14.0,14.0,0.0,0.0,14.0,,0.368,2021-01-01,2024-12-31
PBKS,M Shahrukh Khan,2021-2023,33,33.0,14.0,14.0,0.0,0.0,14.0,,0.424,2021-01-01,2023-12-31
PBKS,RD Chahar,2022-2024,36,36.0,12.0,12.0,0.0,0.0,12.0,,0.333,2022-01-01,2024-12-31
PBKS,SM Curran,2023-2024,27,27.0,12.0,12.0,0.0,0.0,12.0,,0.444,2023-01-01,2024-12-31
PBKS,LS Livingstone,2022-2024,30,30.0,11.0,11.0,0.0,0.0,11.0,,0.366,2022-01-01,2024-12-31
PBKS,KL Rahul,2021-2021,13,13.0,11.0,11.0,0.0,10.0,1.0,,0.846,2021-01-01,2021-12-31
PBKS,Arshdeep Singh,2021-2025,55,54.0,10.0,10.0,0.0,0.0,10.0,,0.185,2021-01-01,2025-12-31
PBKS,JM Bairstow,2022-2024,22,22.0,10.0,10.0,0.0,2.0,8.0,,0.454,2022-01-01,2024-12-31
PBKS,DJ Hooda,2021-2021,12,12.0,7.0,7.0,0.0,0.0,7.0,,0.583,2021-01-01,2021-12-31
PBKS,K Rabada,2022-2024,30,30.0,7.0,7.0,0.0,0.0,7.0,,0.233,2022-01-01,2024-12-31
PBKS,Shashank Singh,2024-2025,15,14.0,7.0,7.0,0.0,0.0,7.0,,0.5,2024-01-01,2025-12-31
PBKS,HV Patel,2024-2024,14,14.0,5.0,5.0,0.0,0.0,5.0,,0.357,2024-01-01,2024-12-31
PBKS,Sikandar Raza,2023-2024,9,9.0,5.0,5.0,0.0,0.0,5.0,,0.555,2023-01-01,2024-12-31
PBKS,A Taide,2023-2024,9,9.0,5.0,5.0,0.0,0.0,5.0,,0.555,2023-01-01,2024-12-31
PBKS,PBB Rajapaksa,2022-2023,13,13.0,4.0,4.0,0.0,0.0,4.0,,0.307,2022-01-01,2023-12-31
PBKS,RR Rossouw,2024-2024,8,8.0,4.0,4.0,0.0,0.0,4.0,,0.5,2024-01-01,2024-12-31
PBKS,R Dhawan,2022-2024,13,13.0,3.0,3.0,0.0,0.0,3.0,,0.23,2022-01-01,2024-12-31
PBKS,CH Gayle,2021-2021,10,10.0,3.0,3.0,0.0,0.0,3.0,,0.3,2021-01-01,2021-12-31
PBKS,AK Markram,2021-2021,6,6.0,3.0,3.0,0.0,0.0,3.0,,0.5,2021-01-01,2021-12-31
PBKS,N Pooran,2021-2021,12,12.0,3.0,3.0,0.0,0.0,3.0,,0.25,2021-01-01,2021-12-31
PBKS,MW Short,2023-2023,6,6.0,3.0,3.0,0.0,0.0,3.0,,0.5,2023-01-01,2023-12-31
PBKS,FA Allen,2021-2021,4,4.0,2.0,2.0,0.0,0.0,2.0,,0.5,2021-01-01,2021-12-31
PBKS,NT Ellis,2021-2024,16,16.0,2.0,2.0,0.0,0.0,2.0,,0.125,2021-01-01,2024-12-31
PBKS,SN Khan,2021-2021,2,2.0,2.0,2.0,0.0,0.0,2.0,,1.0,2021-01-01,2021-12-31
PBKS,Prabhsimran Singh,2021-2025,32,31.0,2.0,2.0,0.0,0.0,2.0,,0.064,2021-01-01,2025-12-31
PBKS,Ravi Bishnoi,2021-2021,9,9.0,2.0,2.0,0.0,0.0,2.0,,0.222,2021-01-01,2021-12-31
PBKS,Sandeep Sharma,2022-2022,5,5.0,2.0,2.0,0.0,0.0,2.0,,0.4,2022-01-01,2022-12-31
PBKS,AR Sharma,2024-2024,11,11.0,2.0,2.0,0.0,0.0,2.0,,0.181,2024-01-01,2024-12-31
PBKS,Shivam Singh,2024-2024,1,1.0,2.0,2.0,0.0,0.0,2.0,,2.0,2024-01-01,2024-12-31
PBKS,OF Smith,2022-2022,6,6.0,2.0,2.0,0.0,0.0,2.0,,0.333,2022-01-01,2022-12-31
PBKS,VG Arora,2022-2022,5,5.0,1.0,1.0,0.0,0.0,1.0,,0.2,2022-01-01,2022-12-31
PBKS,Harpreet Singh,2023-2024,5,5.0,1.0,1.0,0.0,0.0,1.0,,0.2,2023-01-01,2024-12-31
PBKS,MC Henriques,2021-2021,5,5.0,1.0,1.0,0.0,0.0,1.0,,0.2,2021-01-01,2021-12-31
PBKS,DJ Malan,2021-2021,1,1.0,1.0,1.0,0.0,0.0,1.0,,1.0,2021-01-01,2021-12-31
PBKS,Mandeep Singh,2021-2021,1,1.0,1.0,1.0,0.0,0.0,1.0,,1.0,2021-01-01,2021-12-31
PBKS,PN Mankad,2022-2022,1,1.0,1.0,1.0,0.0,0.0,1.0,,1.0,2022-01-01,2022-12-31
PBKS,Mohammed Shami,2021-2021,14,14.0,1.0,1.0,0.0,0.0,1.0,,0.071,2021-01-01,2021-12-31
PBKS,JA Richardson,2021-2021,3,3.0,1.0,1.0,0.0,0.0,1.0,,0.333,2021-01-01,2021-12-31
PBKS,M Ashwin,2021-2021,3,3.0,0.0,0.0,0.0,0.0,0.0,0.0,0.0,2021-01-01,2021-12-31
PBKS,RA Bawa,2022-2022,2,2.0,0.0,0.0,0.0,0.0,0.0,0.0,0.0,2022-01-01,2022-12-31
PBKS,Gurnoor Brar,2023-2023,1,1.0,0.0,0.0,0.0,0.0,0.0,0.0,0.0,2023-01-01,2023-12-31
PBKS,CJ Jordan,2021-2021,4,4.0,0.0,0.0,0.0,0.0,0.0,0.0,0.0,2021-01-01,2021-12-31
PBKS,V Kaverappa,2024-2024,1,1.0,0.0,0.0,0.0,0.0,0.0,0.0,0.0,2024-01-01,2024-12-31
PBKS,RP Meredith,2021-2021,5,5.0,0.0,0.0,0.0,0.0,0.0,0.0,0.0,2021-01-01,2021-12-31
PBKS,Mohit Rathee,2023-2023,1,1.0,0.0,0.0,0.0,0.0,0.0,0.0,0.0,2023-01-01,2023-12-31
PBKS,IC Porel,2021-2021,1,1.0,0.0,0.0,0.0,0.0,0.0,0.0,0.0,2021-01-01,2021-12-31
PBKS,AU Rashid,2021-2021,1,1.0,0.0,0.0,0.0,0.0,0.0,0.0,0.0,2021-01-01,2021-12-31
PBKS,Jalaj S Saxena,2021-2021,1,1.0,0.0,0.0,0.0,0.0,0.0,0.0,0.0,2021-01-01,2021-12-31
PBKS,P Arya,2025-2025,1,,,,,,,,,2025-01-01,2025-12-31
PBKS,Azmatullah Omarzai,2025-2025,1,,,,,,,,,2025-01-01,2025-12-31
PBKS,YS Chahal,2025-2025,1,,,,,,,,,2025-01-01,2025-12-31
PBKS,SS Iyer,2025-2025,1,,,,,,,,,2025-01-01,2025-12-31
PBKS,M Jansen,2025-2025,1,,,,,,,,,2025-01-01,2025-12-31
PBKS,GJ Maxwell,2025-2025,1,,,,,,,,,2025-01-01,2025-12-31
PBKS,MP Stoinis,2025-2025,1,,,,,,,,,2025-01-01,2025-12-31
PBKS,Suryansh Shedge,2025-2025,1,,,,,,,,,2025-01-01,2025-12-31
DC,RR Pant,2021-2024,43,43.0,41.0,29.0,12.0,29.0,0.0,,0.953,2021-01-01,2024-12-31
DC,AR Patel,2021-2025,54,54.0,32.0,32.0,0.0,0.0,32.0,,0.592,2021-01-01,2025-12-31
DC,DA Warner,2022-2024,34,34.0,18.0,18.0,0.0,0.0,18.0,,0.529,2022-01-01,2024-12-31
DC,Lalit Yadav,2021-2024,27,27.0,16.0,16.0,0.0,0.0,16.0,,0.592,2021-01-01,2024-12-31
DC,R Powell,2022-2023,17,17.0,10.0,10.0,0.0,0.0,10.0,,0.588,2022-01-01,2023-12-31
DC,Aman Hakim Khan,2023-2023,11,11.0,9.0,9.0,0.0,0.0,9.0,,0.818,2023-01-01,2023-12-31
DC,S Dhawan,2021-2021,16,16.0,9.0,9.0,0.0,0.0,9.0,,0.562,2021-01-01,2021-12-31
DC,Kuldeep Yadav,2022-2025,40,40.0,9.0,9.0,0.0,0.0,9.0,,0.225,2022-01-01,2025-12-31
DC,K Rabada,2021-2021,15,15.0,9.0,9.0,0.0,0.0,9.0,,0.6,2021-01-01,2021-12-31
DC,SPD Smith,2021-2021,8,8.0,9.0,9.0,0.0,0.0,9.0,,1.125,2021-01-01,2021-12-31
DC,T Stubbs,2024-2025,15,15.0,9.0,9.0,0.0,0.0,9.0,,0.6,2024-01-01,2025-12-31
DC,PP Shaw,2021-2024,41,41.0,8.0,8.0,0.0,0.0,8.0,,0.195,2021-01-01,2024-12-31
DC,SN Thakur,2022-2022,14,14.0,7.0,7.0,0.0,0.0,7.0,,0.5,2022-01-01,2022-12-31
DC,Abishek Porel,2023-2025,19,19.0,6.0,6.0,0.0,6.0,0.0,,0.315,2023-01-01,2025-12-31
DC,SD Hope,2024-2024,9,9.0,6.0,6.0,0.0,0.0,6.0,,0.666,2024-01-01,2024-12-31
DC,SS Iyer,2021-2021,8,8.0,6.0,6.0,0.0,0.0,6.0,,0.75,2021-01-01,2021-12-31
DC,Mukesh Kumar,2023-2025,21,21.0,6.0,6.0,0.0,0.0,6.0,,0.285,2023-01-01,2025-12-31
DC,A Nortje,2021-2024,30,30.0,6.0,6.0,0.0,0.0,6.0,,0.2,2021-01-01,2024-12-31
DC,PD Salt,2023-2023,9,9.0,5.0,5.0,0.0,5.0,0.0,,0.555,2023-01-01,2023-12-31
DC,SO Hetmyer,2021-2021,14,14.0,4.0,4.0,0.0,0.0,4.0,,0.285,2021-01-01,2021-12-31
DC,SN Khan,2022-2023,10,10.0,4.0,4.0,0.0,2.0,2.0,,0.4,2022-01-01,2023-12-31
DC,KK Ahmed,2022-2024,33,33.0,3.0,3.0,0.0,0.0,3.0,,0.09,2022-01-01,2024-12-31
DC,R Ashwin,2021-2021,13,13.0,3.0,3.0,0.0,0.0,3.0,,0.23,2021-01-01,2021-12-31
DC,J Fraser-McGurk,2024-2025,10,10.0,3.0,3.0,0.0,0.0,3.0,,0.3,2024-01-01,2025-12-31
DC,MR Marsh,2022-2024,21,21.0,3.0,3.0,0.0,0.0,3.0,,0.142,2022-01-01,2024-12-31
DC,MK Pandey,2023-2023,10,10.0,3.0,3.0,0.0,0.0,3.0,,0.3,2023-01-01,2023-12-31
DC,RR Rossouw,2023-2023,9,9.0,3.0,3.0,0.0,0.0,3.0,,0.333,2023-01-01,2023-12-31
DC,YV Dhull,2023-2023,4,4.0,2.0,2.0,0.0,0.0,2.0,,0.5,2023-01-01,2023-12-31
DC,RV Patel,2021-2023,9,9.0,2.0,2.0,0.0,0.0,2.0,,0.222,2021-01-01,2023-12-31
DC,C Sakariya,2022-2023,5,5.0,2.0,2.0,0.0,0.0,2.0,,0.4,2022-01-01,2023-12-31
DC,I Sharma,2021-2024,20,20.0,2.0,2.0,0.0,0.0,2.0,,0.1,2021-01-01,2024-12-31
DC,MP Stoinis,2021-2021,10,10.0,2.0,2.0,0.0,0.0,2.0,,0.2,2021-01-01,2021-12-31
DC,Avesh Khan,2021-2021,16,16.0,1.0,1.0,0.0,0.0,1.0,,0.062,2021-01-01,2021-12-31
DC,F du Plessis,2025-2025,1,1.0,1.0,1.0,0.0,0.0,1.0,,1.0,2025-01-01,2025-12-31
DC,Gulbadin Naib,2024-2024,2,2.0,1.0,1.0,0.0,0.0,1.0,,0.5,2024-01-01,2024-12-31
DC,K Kushagra,2024-2024,4,4.0,1.0,1.0,0.0,0.0,1.0,,0.25,2024-01-01,2024-12-31
DC,Mandeep Singh,2022-2022,3,3.0,1.0,1.0,0.0,0.0,1.0,,0.333,2022-01-01,2022-12-31
DC,Mustafizur Rahman,2022-2023,10,10.0,1.0,1.0,0.0,0.0,1.0,,0.1,2022-01-01,2023-12-31
DC,Rasikh Salam,2024-2024,8,8.0,1.0,1.0,0.0,0.0,1.0,,0.125,2024-01-01,2024-12-31
DC,TL Seifert,2022-2022,2,2.0,1.0,1.0,0.0,0.0,1.0,,0.5,2022-01-01,2022-12-31
DC,MA Starc,2025-2025,1,1.0,1.0,1.0,0.0,0.0,1.0,,1.0,2025-01-01,2025-12-31
DC,Sumit Kumar,2024-2024,4,4.0,1.0,1.0,0.0,0.0,1.0,,0.25,2024-01-01,2024-12-31
DC,LB Williams,2024-2024,2,2.0,1.0,1.0,0.0,0.0,1.0,,0.5,2024-01-01,2024-12-31
DC,KS Bharat,2022-2022,2,2.0,0.0,0.0,0.0,0.0,0.0,0.0,0.0,2022-01-01,2022-12-31
DC,RK Bhui,2024-2024,2,2.0,0.0,0.0,0.0,0.0,0.0,0.0,0.0,2024-01-01,2024-12-31
DC,TK Curran,2021-2021,3,3.0,0.0,0.0,0.0,0.0,0.0,0.0,0.0,2021-01-01,2021-12-31
DC,P Dubey,2023-2023,1,1.0,0.0,0.0,0.0,0.0,0.0,0.0,0.0,2023-01-01,2023-12-31
DC,PK Garg,2023-2023,2,2.0,0.0,0.0,0.0,0.0,0.0,0.0,0.0,2023-01-01,2023-12-31
DC,LI Meriwala,2021-2021,1,1.0,0.0,0.0,0.0,0.0,0.0,0.0,0.0,2021-01-01,2021-12-31
DC,A Mishra,2021-2021,4,4.0,0.0,0.0,0.0,0.0,0.0,0.0,0.0,2021-01-01,2021-12-31
DC,KL Nagarkoti,2022-2022,1,1.0,0.0,0.0,0.0,0.0,0.0,0.0,0.0,2022-01-01,2022-12-31
DC,V Nigam,2025-2025,1,1.0,0.0,0.0,0.0,0.0,0.0,0.0,0.0,2025-01-01,2025-12-31
DC,AM Rahane,2021-2021,2,2.0,0.0,0.0,0.0,0.0,0.0,0.0,0.0,2021-01-01,2021-12-31
DC,JA Richardson,2024-2024,1,1.0,0.0,0.0,0.0,0.0,0.0,0.0,0.0,2024-01-01,2024-12-31
DC,Sameer Rizvi,2025-2025,1,1.0,0.0,0.0,0.0,0.0,0.0,0.0,0.0,2025-01-01,2025-12-31
DC,AR Sharma,2025-2025,1,1.0,0.0,0.0,0.0,0.0,0.0,0.0,0.0,2025-01-01,2025-12-31
DC,MM Sharma,2025-2025,1,1.0,0.0,0.0,0.0,0.0,0.0,0.0,0.0,2025-01-01,2025-12-31
DC,CR Woakes,2021-2021,3,3.0,0.0,0.0,0.0,0.0,0.0,0.0,0.0,2021-01-01,2021-12-31
GT,WP Saha,2022-2024,37,37.0,31.0,25.0,6.0,25.0,0.0,,0.837,2022-01-01,2024-12-31
GT,Rashid Khan,2022-2025,46,46.0,23.0,23.0,0.0,0.0,23.0,,0.5,2022-01-01,2025-12-31
GT,DA Miller,2022-2024,41,41.0,22.0,22.0,0.0,0.0,22.0,,0.536,2022-01-01,2024-12-31
GT,R Tewatia,2022-2025,46,46.0,19.0,19.0,0.0,0.0,19.0,,0.413,2022-01-01,2025-12-31
GT,Shubman Gill,2022-2025,46,46.0,14.0,14.0,0.0,0.0,14.0,,0.304,2022-01-01,2025-12-31
GT,HH Pandya,2022-2023,31,31.0,12.0,12.0,0.0,0.0,12.0,,0.387,2022-01-01,2023-12-31
GT,MM Sharma,2023-2024,26,26.0,10.0,10.0,0.0,0.0,10.0,,0.384,2023-01-01,2024-12-31
GT,A Manohar,2022-2024,19,19.0,9.0,9.0,0.0,0.0,9.0,,0.473,2022-01-01,2024-12-31
GT,MS Wade,2022-2024,12,12.0,9.0,8.0,1.0,7.0,1.0,,0.75,2022-01-01,2024-12-31
GT,Mohammed Shami,2022-2023,33,33.0,8.0,8.0,0.0,0.0,8.0,,0.242,2022-01-01,2023-12-31
GT,V Shankar,2022-2024,25,25.0,8.0,8.0,0.0,0.0,8.0,,0.32,2022-01-01,2024-12-31
GT,Noor Ahmad,2023-2024,23,23.0,7.0,7.0,0.0,0.0,7.0,,0.304,2023-01-01,2024-12-31
GT,M Shahrukh Khan,2024-2025,8,8.0,6.0,6.0,0.0,0.0,6.0,,0.75,2024-01-01,2025-12-31
GT,JB Little,2023-2024,11,11.0,5.0,5.0,0.0,0.0,5.0,,0.454,2023-01-01,2024-12-31
GT,R Sai Kishore,2022-2025,11,11.0,5.0,5.0,0.0,0.0,5.0,,0.454,2022-01-01,2025-12-31
GT,B Sai Sudharsan,2022-2025,26,26.0,4.0,4.0,0.0,0.0,4.0,,0.153,2022-01-01,2025-12-31
GT,AS Joseph,2022-2023,16,16.0,3.0,3.0,0.0,0.0,3.0,,0.187,2022-01-01,2023-12-31
GT,Arshad Khan,2025-2025,1,1.0,2.0,2.0,0.0,0.0,2.0,,2.0,2025-01-01,2025-12-31
GT,LH Ferguson,2022-2022,13,13.0,2.0,2.0,0.0,0.0,2.0,,0.153,2022-01-01,2022-12-31
GT,SH Johnson,2024-2024,5,5.0,2.0,2.0,0.0,0.0,2.0,,0.4,2024-01-01,2024-12-31
GT,DG Nalkande,2022-2024,6,6.0,2.0,2.0,0.0,0.0,2.0,,0.333,2022-01-01,2024-12-31
GT,MD Shanaka,2023-2023,3,3.0,2.0,2.0,0.0,0.0,2.0,,0.666,2023-01-01,2023-12-31
GT,Yash Dayal,2022-2023,14,14.0,2.0,2.0,0.0,0.0,2.0,,0.142,2022-01-01,2023-12-31
GT,PJ Sangwan,2022-2022,3,3.0,1.0,1.0,0.0,0.0,1.0,,0.333,2022-01-01,2022-12-31
GT,BR Sharath,2024-2024,1,1.0,1.0,1.0,0.0,1.0,0.0,,1.0,2024-01-01,2024-12-31
GT,KS Williamson,2023-2024,3,3.0,1.0,1.0,0.0,0.0,1.0,,0.333,2023-01-01,2024-12-31
GT,J Yadav,2023-2023,1,1.0,1.0,1.0,0.0,0.0,1.0,,1.0,2023-01-01,2023-12-31
GT,UT Yadav,2024-2024,7,7.0,1.0,1.0,0.0,0.0,1.0,,0.142,2024-01-01,2024-12-31
GT,VR Aaron,2022-2022,2,2.0,0.0,0.0,0.0,0.0,0.0,0.0,0.0,2022-01-01,2022-12-31
GT,Azmatullah Omarzai,2024-2024,7,7.0,0.0,0.0,0.0,0.0,0.0,0.0,0.0,2024-01-01,2024-12-31
GT,JC Buttler,2025-2025,1,1.0,0.0,0.0,0.0,0.0,0.0,0.0,0.0,2025-01-01,2025-12-31
GT,Kartik Tyagi,2024-2024,1,1.0,0.0,0.0,0.0,0.0,0.0,0.0,0.0,2024-01-01,2024-12-31
GT,Mohammed Siraj,2025-2025,1,1.0,0.0,0.0,0.0,0.0,0.0,0.0,0.0,2025-01-01,2025-12-31
GT,M Prasidh Krishna,2025-2025,1,1.0,0.0,0.0,0.0,0.0,0.0,0.0,0.0,2025-01-01,2025-12-31
GT,K Rabada,2025-2025,1,1.0,0.0,0.0,0.0,0.0,0.0,0.0,0.0,2025-01-01,2025-12-31
GT,S Sandeep Warrier,2024-2024,5,5.0,0.0,0.0,0.0,0.0,0.0,0.0,0.0,2024-01-01,2024-12-31
GT,MJ Suthar,2024-2024,1,1.0,0.0,0.0,0.0,0.0,0.0,0.0,0.0,2024-01-01,2024-12-31
LSG,KL Rahul,2022-2024,38,38.0,30.0,28.0,2.0,14.0,14.0,,0.789,2022-01-01,2024-12-31
LSG,DJ Hooda,2022-2024,38,38.0,20.0,20.0,0.0,0.0,20.0,,0.526,2022-01-01,2024-12-31
LSG,Q de Kock,2022-2024,30,30.0,19.0,17.0,2.0,15.0,2.0,,0.633,2022-01-01,2024-12-31
LSG,KH Pandya,2022-2024,43,42.0,18.0,18.0,0.0,0.0,18.0,,0.428,2022-01-01,2024-12-31
LSG,N Pooran,2023-2025,30,29.0,18.0,15.0,3.0,5.0,10.0,,0.62,2023-01-01,2025-12-31
LSG,Ravi Bishnoi,2022-2025,44,43.0,16.0,16.0,0.0,0.0,16.0,,0.372,2022-01-01,2025-12-31
LSG,A Badoni,2022-2025,43,42.0,15.0,15.0,0.0,0.0,15.0,,0.357,2022-01-01,2025-12-31
LSG,MP Stoinis,2022-2024,40,39.0,12.0,12.0,0.0,0.0,12.0,,0.307,2022-01-01,2024-12-31
LSG,K Gowtham,2022-2024,12,11.0,7.0,7.0,0.0,0.0,7.0,,0.636,2022-01-01,2024-12-31
LSG,Naveen-ul-Haq,2023-2024,18,17.0,6.0,6.0,0.0,0.0,6.0,,0.352,2023-01-01,2024-12-31
LSG,Avesh Khan,2022-2023,22,22.0,4.0,4.0,0.0,0.0,4.0,,0.181,2022-01-01,2023-12-31
LSG,JO Holder,2022-2022,12,12.0,4.0,4.0,0.0,0.0,4.0,,0.333,2022-01-01,2022-12-31
LSG,E Lewis,2022-2022,6,6.0,3.0,3.0,0.0,0.0,3.0,,0.5,2022-01-01,2022-12-31
LSG,D Padikkal,2024-2024,7,7.0,3.0,3.0,0.0,0.0,3.0,,0.428,2024-01-01,2024-12-31
LSG,MK Pandey,2022-2022,6,6.0,3.0,3.0,0.0,0.0,3.0,,0.5,2022-01-01,2022-12-31
LSG,PVD Chameera,2022-2022,12,12.0,2.0,2.0,0.0,0.0,2.0,,0.166,2022-01-01,2022-12-31
LSG,PN Mankad,2023-2023,5,5.0,2.0,2.0,0.0,0.0,2.0,,0.4,2023-01-01,2023-12-31
LSG,KR Mayers,2023-2023,13,12.0,2.0,2.0,0.0,0.0,2.0,,0.166,2023-01-01,2023-12-31
LSG,A Mishra,2023-2024,8,8.0,2.0,2.0,0.0,0.0,2.0,,0.25,2023-01-01,2024-12-31
LSG,Mohsin Khan,2022-2024,24,23.0,2.0,2.0,0.0,0.0,2.0,,0.086,2022-01-01,2024-12-31
LSG,RR Pant,2025-2025,1,1.0,2.0,2.0,0.0,2.0,0.0,,2.0,2025-01-01,2025-12-31
LSG,Yash Thakur,2023-2024,19,19.0,2.0,2.0,0.0,0.0,2.0,,0.105,2023-01-01,2024-12-31
LSG,MA Wood,2023-2023,4,4.0,2.0,2.0,0.0,0.0,2.0,,0.5,2023-01-01,2023-12-31
LSG,Arshad Khan,2024-2024,4,4.0,1.0,1.0,0.0,0.0,1.0,,0.25,2024-01-01,2024-12-31
LSG,DA Miller,2025-2025,1,1.0,1.0,1.0,0.0,0.0,1.0,,1.0,2025-01-01,2025-12-31
LSG,M Siddharth,2024-2025,4,4.0,1.0,1.0,0.0,0.0,1.0,,0.25,2024-01-01,2025-12-31
LSG,AJ Tye,2022-2022,3,3.0,1.0,1.0,0.0,0.0,1.0,,0.333,2022-01-01,2022-12-31
LSG,MP Yadav,2024-2024,4,4.0,1.0,1.0,0.0,0.0,1.0,,0.25,2024-01-01,2024-12-31
LSG,MJ Henry,2024-2024,4,4.0,0.0,0.0,0.0,0.0,0.0,0.0,0.0,2024-01-01,2024-12-31
LSG,S Joseph,2024-2024,1,1.0,0.0,0.0,0.0,0.0,0.0,0.0,0.0,2024-01-01,2024-12-31
LSG,AA Kulkarni,2024-2024,2,2.0,0.0,0.0,0.0,0.0,0.0,0.0,0.0,2024-01-01,2024-12-31
LSG,AK Markram,2025-2025,1,1.0,0.0,0.0,0.0,0.0,0.0,0.0,0.0,2025-01-01,2025-12-31
LSG,MR Marsh,2025-2025,1,1.0,0.0,0.0,0.0,0.0,0.0,0.0,0.0,2025-01-01,2025-12-31
LSG,Prince Yadav,2025-2025,1,1.0,0.0,0.0,0.0,0.0,0.0,0.0,0.0,2025-01-01,2025-12-31
LSG,DS Rathi,2025-2025,1,1.0,0.0,0.0,0.0,0.0,0.0,0.0,0.0,2025-01-01,2025-12-31
LSG,Shahbaz Ahmed,2025-2025,1,1.0,0.0,0.0,0.0,0.0,0.0,0.0,0.0,2025-01-01,2025-12-31
LSG,KS Sharma,2022-2023,3,2.0,0.0,0.0,0.0,0.0,0.0,0.0,0.0,2022-01-01,2023-12-31
LSG,R Shepherd,2023-2023,1,1.0,0.0,0.0,0.0,0.0,0.0,0.0,0.0,2023-01-01,2023-12-31
LSG,Swapnil Singh,2023-2023,2,2.0,0.0,0.0,0.0,0.0,0.0,0.0,0.0,2023-01-01,2023-12-31
LSG,SN Thakur,2025-2025,1,1.0,0.0,0.0,0.0,0.0,0.0,0.0,0.0,2025-01-01,2025-12-31
LSG,AJ Turner,2024-2024,2,2.0,0.0,0.0,0.0,0.0,0.0,0.0,0.0,2024-01-01,2024-12-31
LSG,JD Unadkat,2023-2023,3,3.0,0.0,0.0,0.0,0.0,0.0,0.0,0.0,2023-01-01,2023-12-31
LSG,M Vohra,2022-2023,3,2.0,0.0,0.0,0.0,0.0,0.0,0.0,0.0,2022-01-01,2023-12-31
LSG,Yudhvir Singh,2023-2024,5,5.0,0.0,0.0,0.0,0.0,0.0,0.0,0.0,2023-01-01,2024-12-31
